test_case,multDepth,scaleModSize,firstModSize,slots,keySwitchTechnique,secretKeyDist,ringDim,logQ_estimated,logQ_actual,keygen_time,encrypt_time,scaleSignFHEW,pLWE2,mem_keygen_mb,mem_encrypt_mb,compare_time_avg,decrypt_time_avg,correct_count,fail_count
3,12,50,60,4,HYBRID,UNIFORM_TERNARY,65536,672,679.5849644242157,0.1228634999999999,0.09268366650000104,0.01,131072,70.796875,5.140625,13.125246849949999,0.027523402150001174,0,20
3,12,50,60,4,HYBRID,UNIFORM_TERNARY,65536,672,679.5849644242157,0.11942295799997282,0.06948593750001919,0.001,131072,0.0,0.03125,9.016879633350005,0.022466862500004937,0,20
3,12,50,60,4,HYBRID,UNIFORM_TERNARY,65536,672,679.5849644242157,0.1208099589999847,0.07182268749994591,0.0001,131072,0.0,5.0,10.018260166649986,0.02455243540000538,0,20
3,12,50,60,4,HYBRID,UNIFORM_TERNARY,65536,672,679.5849644242157,0.12518316699993193,0.05467587549998143,1e-05,131072,0.0,3.0,9.98178437925002,0.024277079199998754,0,20
3,12,50,60,4,HYBRID,UNIFORM_TERNARY,65536,672,679.5849644242157,0.12599220899994634,0.06326250000006439,1e-06,131072,0.0,20.015625,10.744744260350023,0.023132591650005453,0,20
3,12,50,60,4,HYBRID,UNIFORM_TERNARY,65536,672,679.5849644242157,0.1163512499999797,0.06537602050013902,1e-07,131072,0.0,36.5,9.9212235772,0.020623783450014345,20,0
3,12,50,60,4,HYBRID,UNIFORM_TERNARY,65536,672,679.5849644242157,0.12653775000012502,0.06039556250004807,1e-08,131072,0.0,8.5,10.560310450000008,0.024513402099989888,20,0
3,12,50,60,4,HYBRID,UNIFORM_TERNARY,65536,672,679.5849644242157,0.11918066700013696,0.08299122899995837,1e-09,131072,0.0,15.5,10.0700041103,0.024162997900009486,20,0
3,12,50,60,4,HYBRID,UNIFORM_TERNARY,65536,672,679.5849644242157,0.11744329199996173,0.05042500000001837,1e-10,131072,0.0,28.515625,8.166914662599982,0.017744614799971713,20,0
3,12,50,60,4,HYBRID,UNIFORM_TERNARY,65536,672,679.5849644242157,0.09351158400022541,0.047158500000023196,1e-11,131072,0.0,10.0,11.089648062450033,0.024284618750016307,0,20
3,12,50,60,4,HYBRID,UNIFORM_TERNARY,65536,672,679.5849644242157,0.14371787499976563,0.09914264550002372,1e-12,131072,0.0,32.53125,9.428535806299966,0.021400422800047635,0,20
3,12,52,60,4,HYBRID,UNIFORM_TERNARY,65536,696,703.5849643446486,0.09017154200000005,0.06284700000000143,0.01,131072,70.875,11.65625,10.124163802199998,0.02566162915000376,0,20
3,12,52,60,4,HYBRID,UNIFORM_TERNARY,65536,696,703.5849643446486,0.11951337499999681,0.0653154794999864,0.001,131072,0.0,8.015625,7.463331045849998,0.019565818700007752,0,20
3,12,52,60,4,HYBRID,UNIFORM_TERNARY,65536,696,703.5849643446486,0.08677370800000972,0.0652825205000056,0.0001,131072,0.0,15.53125,9.445256289600005,0.02448472710001397,0,20
3,12,52,60,4,HYBRID,UNIFORM_TERNARY,65536,696,703.5849643446486,0.11225266700000702,0.07619149949999837,1e-05,131072,0.0,5.015625,9.903628270699988,0.023300206300001493,0,20
3,12,52,60,4,HYBRID,UNIFORM_TERNARY,65536,696,703.5849643446486,0.10828558299999713,0.0712568745000226,1e-06,131072,0.0,10.5,9.919627887449996,0.024846106199959195,0,20
3,12,52,60,4,HYBRID,UNIFORM_TERNARY,65536,696,703.5849643446486,0.12452416599990102,0.09045960449998347,1e-07,131072,0.0,3.5,10.043505862550024,0.019183472950021496,20,0
3,12,52,60,4,HYBRID,UNIFORM_TERNARY,65536,696,703.5849643446486,0.10492395799997212,0.07423950050008443,1e-08,131072,0.0,0.0,9.664603777100023,0.021442741799990016,20,0
3,12,52,60,4,HYBRID,UNIFORM_TERNARY,65536,696,703.5849643446486,0.10603829199999382,0.05964112499998464,1e-09,131072,0.0,4.0,11.503366164700026,0.02410425840002972,20,0
3,12,52,60,4,HYBRID,UNIFORM_TERNARY,65536,696,703.5849643446486,0.12721270900010495,0.0970046464999541,1e-10,131072,0.0,9.5,10.445068270900004,0.021397852199925183,20,0
3,12,52,60,4,HYBRID,UNIFORM_TERNARY,65536,696,703.5849643446486,0.10488016699991931,0.059777812499987704,1e-11,131072,0.0,18.015625,9.707428424999966,0.02347949370000606,20,0
3,12,52,60,4,HYBRID,UNIFORM_TERNARY,65536,696,703.5849643446486,0.10485108300008505,0.0946752915003799,1e-12,131072,0.0,0.0,10.59580649165007,0.023073937449953518,0,20
3,12,54,60,4,HYBRID,UNIFORM_TERNARY,65536,720,727.584964341069,0.11873754099997313,0.06978895850011213,0.01,131072,0.0,14.0,10.235139710300041,0.01991621250001572,0,20
3,12,54,60,4,HYBRID,UNIFORM_TERNARY,65536,720,727.584964341069,0.1085596660000192,0.06366866699977436,0.001,131072,0.0,0.03125,8.788196285400067,0.021819606049939468,0,20
3,12,54,60,4,HYBRID,UNIFORM_TERNARY,65536,720,727.584964341069,0.11443287500014776,0.07290293749997545,0.0001,131072,0.0,8.0,8.222688616650021,0.018939445749947482,0,20
3,12,54,60,4,HYBRID,UNIFORM_TERNARY,65536,720,727.584964341069,0.10169520799991005,0.057848145499974635,1e-05,131072,0.0,2.015625,7.060218314500003,0.016067051899972283,0,20
3,12,54,60,4,HYBRID,UNIFORM_TERNARY,65536,720,727.584964341069,0.1036964589998206,0.06550539549994028,1e-06,131072,0.0,0.0,6.287469921050001,0.016754581249983858,0,20
3,12,54,60,4,HYBRID,UNIFORM_TERNARY,65536,720,727.584964341069,0.09872991599968373,0.06350012450002396,1e-07,131072,0.0,0.0,6.4450016000999995,0.017960216600022248,20,0
3,12,54,60,4,HYBRID,UNIFORM_TERNARY,65536,720,727.584964341069,0.09904812499962645,0.049303915999871606,1e-08,131072,0.0,3.0,6.349246135400017,0.018929645799971695,20,0
3,12,54,60,4,HYBRID,UNIFORM_TERNARY,65536,720,727.584964341069,0.1001130419999754,0.0814311669998915,1e-09,131072,0.0,3.015625,6.6043643521000375,0.019510260499964717,20,0
3,12,54,60,4,HYBRID,UNIFORM_TERNARY,65536,720,727.584964341069,0.10315000000036889,0.06976816699943811,1e-10,131072,0.0,0.03125,11.89502267304988,0.022620897949946085,20,0
3,12,54,60,4,HYBRID,UNIFORM_TERNARY,65536,720,727.584964341069,0.11574591699991288,0.08632356300040556,1e-11,131072,0.0,0.03125,11.829291241650116,0.007263933349850049,20,0
3,12,54,60,4,HYBRID,UNIFORM_TERNARY,65536,720,727.584964341069,0.07848199999989447,0.09326870800032339,1e-12,131072,0.0,0.0625,9.02435944370004,0.024144064550046095,0,20
3,12,56,60,4,HYBRID,UNIFORM_TERNARY,65536,744,751.5849643366131,0.11177366600077221,0.0782170834995668,0.01,131072,0.0,16.0,9.672751262499787,0.023118610399978933,0,20
3,12,56,60,4,HYBRID,UNIFORM_TERNARY,65536,744,751.5849643366131,0.10668162499950995,0.056645437499810214,0.001,131072,0.0,14.515625,9.517277545949856,0.022900889600032316,0,20
3,12,56,60,4,HYBRID,UNIFORM_TERNARY,65536,744,751.5849643366131,0.11063641700002336,0.07624095849996593,0.0001,131072,0.0,23.515625,9.937132870800088,0.022182354399910766,0,20
3,12,56,60,4,HYBRID,UNIFORM_TERNARY,65536,744,751.5849643366131,0.12121758299963403,0.06526702100018156,1e-05,131072,0.0,8.0,9.688046562499949,0.02368060625012731,0,20
3,12,56,60,4,HYBRID,UNIFORM_TERNARY,65536,744,751.5849643366131,0.09904962499967951,0.06746574999988297,1e-06,131072,0.0,0.015625,9.797423222850057,0.024289464650019,0,20
3,12,56,60,4,HYBRID,UNIFORM_TERNARY,65536,744,751.5849643366131,0.11119862499981537,0.08255616699989332,1e-07,131072,0.0,23.546875,10.040472827150051,0.024346472950128373,20,0
3,12,56,60,4,HYBRID,UNIFORM_TERNARY,65536,744,751.5849643366131,0.11080995799966331,0.07383760400034589,1e-08,131072,0.0,10.0,9.65587750419986,0.021017683349919027,20,0
3,12,56,60,4,HYBRID,UNIFORM_TERNARY,65536,744,751.5849643366131,0.11405629199998657,0.06000022949956474,1e-09,131072,0.0,17.0,11.481627118749794,0.022592960349948045,20,0
3,12,56,60,4,HYBRID,UNIFORM_TERNARY,65536,744,751.5849643366131,0.11140941700068652,0.07683756249980433,1e-10,131072,0.0,6.03125,9.349742989549986,0.020466570900089208,20,0
3,12,56,60,4,HYBRID,UNIFORM_TERNARY,65536,744,751.5849643366131,0.10493958300048689,0.07508541699962734,1e-11,131072,0.125,20.0,9.600974577050057,0.022062922800023442,0,20
3,12,56,60,4,HYBRID,UNIFORM_TERNARY,65536,744,751.5849643366131,0.12124641699938365,0.06405041649986742,1e-12,131072,0.0,0.015625,9.710897966749917,0.02253213545000108,0,20
3,12,58,60,4,HYBRID,UNIFORM_TERNARY,65536,768,775.5849643359281,0.13619641700006468,0.08723108350022812,0.01,131072,0.0,0.046875,10.153367289549987,0.020531781199952092,0,20
3,12,58,60,4,HYBRID,UNIFORM_TERNARY,65536,768,775.5849643359281,0.08743291600058001,0.05564300000014555,0.001,131072,0.0,0.03125,7.368388641750016,0.008080950049998138,0,20
3,12,58,60,4,HYBRID,UNIFORM_TERNARY,65536,768,775.5849643359281,0.07997883400003047,0.06900758349956959,0.0001,131072,0.0,10.515625,8.496654137450104,0.01696632915018199,0,20
3,12,58,60,4,HYBRID,UNIFORM_TERNARY,65536,768,775.5849643359281,0.09805374999996275,0.06450185449966739,1e-05,131072,0.0,22.0,7.656429658350089,0.015555379150009685,0,20
3,12,58,60,4,HYBRID,UNIFORM_TERNARY,65536,768,775.5849643359281,0.08236304199999722,0.06205164600032731,1e-06,131072,0.0,0.015625,6.1538652709501545,0.01693402295013584,0,20
3,12,58,60,4,HYBRID,UNIFORM_TERNARY,65536,768,775.5849643359281,0.10292662499887228,0.061284978999538,1e-07,131072,0.0,36.5,6.06573508320007,0.01699689375000162,20,0
3,12,58,60,4,HYBRID,UNIFORM_TERNARY,65536,768,775.5849643359281,0.09548816699862073,0.057383833000130835,1e-08,131072,0.0,60.0,6.142352847899838,0.0158478438000202,20,0
3,12,58,60,4,HYBRID,UNIFORM_TERNARY,65536,768,775.5849643359281,0.09301687500010303,0.04900091700073972,1e-09,131072,0.0,17.5,6.128040897999744,0.014643222950144263,20,0
3,12,58,60,4,HYBRID,UNIFORM_TERNARY,65536,768,775.5849643359281,0.08245837499998743,0.08769341649986018,1e-10,131072,0.0,23.03125,10.569376452049983,0.024354097900231863,20,0
3,12,58,60,4,HYBRID,UNIFORM_TERNARY,65536,768,775.5849643359281,0.13756541699876834,0.07845716650081158,1e-11,131072,0.0,28.0625,12.196805029199822,0.023814464500082975,20,0
3,12,58,60,4,HYBRID,UNIFORM_TERNARY,65536,768,775.5849643359281,0.13475670800107764,0.08645345850072772,1e-12,131072,0.0,14.5,9.276185479150262,0.023797237550115823,0,20
3,12,59,60,4,HYBRID,UNIFORM_TERNARY,65536,780,787.5849643357468,0.1196725410009094,0.07856256200011558,0.01,131072,0.0,9.515625,9.604777639599797,0.020487037450311617,0,20
3,12,59,60,4,HYBRID,UNIFORM_TERNARY,65536,780,787.5849643357468,0.12315062500056229,0.07683981300033338,0.001,131072,0.0,0.0,9.487476600050105,0.02148601869976119,0,20
3,12,59,60,4,HYBRID,UNIFORM_TERNARY,65536,780,787.5849643357468,0.10792116599986912,0.05776852099916141,0.0001,131072,0.0,35.0,9.843913512450218,0.02479120835023423,0,20
3,12,59,60,4,HYBRID,UNIFORM_TERNARY,65536,780,787.5849643357468,0.12920779100022628,0.08890489599980356,1e-05,131072,0.0,21.5,9.971965035499943,0.021040731149878412,0,20
3,12,59,60,4,HYBRID,UNIFORM_TERNARY,65536,780,787.5849643357468,0.120815832999142,0.050624291500753316,1e-06,131072,0.0,17.0,9.551082860300085,0.022783189449910424,0,20
3,12,59,60,4,HYBRID,UNIFORM_TERNARY,65536,780,787.5849643357468,0.09630837499935296,0.06285558299987315,1e-07,131072,0.0,20.515625,11.339292493649918,0.007533110549866251,20,0
3,12,59,60,4,HYBRID,UNIFORM_TERNARY,65536,780,787.5849643357468,0.07922316700023657,0.05069879149959888,1e-08,131072,0.0,6.015625,8.533152162499755,0.022186862650050897,20,0
3,12,59,60,4,HYBRID,UNIFORM_TERNARY,65536,780,787.5849643357468,0.13694820800083107,0.06353245800073637,1e-09,131072,0.0,24.0,9.351352695849892,0.023561085349956556,20,0
3,12,59,60,4,HYBRID,UNIFORM_TERNARY,65536,780,787.5849643357468,0.13602241699845763,0.10415989549892402,1e-10,131072,0.0,0.5,12.013420779249918,0.0269371147000129,20,0
3,12,59,60,4,HYBRID,UNIFORM_TERNARY,65536,780,787.5849643357468,0.1007240830003866,0.05949858350049908,1e-11,131072,0.0,0.046875,9.158548766699823,0.0222729892998359,20,0
3,12,59,60,4,HYBRID,UNIFORM_TERNARY,65536,780,787.5849643357468,0.12170937500013679,0.061265625001396984,1e-12,131072,0.0,12.5,9.130078160350058,0.021148420900135533,0,20
3,14,50,60,4,HYBRID,UNIFORM_TERNARY,65536,774,779.5849644994581,0.15554004200021154,0.10045460400033335,0.01,131072,0.0,5.015625,11.564929404300074,0.034993025050152934,0,20
3,14,50,60,4,HYBRID,UNIFORM_TERNARY,65536,774,779.5849644994581,0.13840983299996878,0.08715214549920347,0.001,131072,0.0,0.0,9.936148897949897,0.03217397090011218,0,20
3,14,50,60,4,HYBRID,UNIFORM_TERNARY,65536,774,779.5849644994581,0.1236239169993496,0.039342333499917004,0.0001,131072,0.0,34.515625,10.166526412499934,0.02389791255018281,0,20
3,14,50,60,4,HYBRID,UNIFORM_TERNARY,65536,774,779.5849644994581,0.1252394999992248,0.08637939550044393,1e-05,131072,0.0,1.5,8.37091381245018,0.025051562399858084,0,20
3,14,50,60,4,HYBRID,UNIFORM_TERNARY,65536,774,779.5849644994581,0.11267737499838404,0.06247227100084274,1e-06,131072,0.0,0.0,6.8204621647500066,0.023492922949935748,0,20
3,14,50,60,4,HYBRID,UNIFORM_TERNARY,65536,774,779.5849644994581,0.1273734170008538,0.054098583499580855,1e-07,131072,0.0,3.015625,6.994087999899875,0.021459912499904022,20,0
3,14,50,60,4,HYBRID,UNIFORM_TERNARY,65536,774,779.5849644994581,0.12241591699967103,0.05596641699958127,1e-08,131072,0.0,40.015625,7.0543227229501095,0.023165568799686297,20,0
3,14,50,60,4,HYBRID,UNIFORM_TERNARY,65536,774,779.5849644994581,0.10918679099995643,0.06349647899969568,1e-09,131072,0.0,31.5,7.2318382772496985,0.025886412400086555,20,0
3,14,50,60,4,HYBRID,UNIFORM_TERNARY,65536,774,779.5849644994581,0.125151125001139,0.07899952099978691,1e-10,131072,0.0,0.0,12.856815624949741,0.0355710626002292,20,0
3,14,50,60,4,HYBRID,UNIFORM_TERNARY,65536,774,779.5849644994581,0.1409545420010545,0.0980859170012991,1e-11,131072,0.0,16.0,13.005108497900073,0.02703742695011897,20,0
3,14,50,60,4,HYBRID,UNIFORM_TERNARY,65536,774,779.5849644994581,0.1109796250002546,0.057850604000122985,1e-12,131072,0.0,20.515625,8.932694074849588,0.024722970749917295,0,20
3,14,52,60,4,HYBRID,UNIFORM_TERNARY,65536,802,807.584964353802,0.0966956249994837,0.07853575000081037,0.01,131072,0.0,0.03125,7.640234808349851,0.024362043700057255,0,20
3,14,52,60,4,HYBRID,UNIFORM_TERNARY,65536,802,807.584964353802,0.1005002500005503,0.07113939549981296,0.001,131072,0.0,3.03125,7.659377531349764,0.025525452249894443,0,20
3,14,52,60,4,HYBRID,UNIFORM_TERNARY,65536,802,807.584964353802,0.09572629200010851,0.07211595799981296,0.0001,131072,0.0,11.046875,8.891970158450022,0.03495115825007815,0,20
3,14,52,60,4,HYBRID,UNIFORM_TERNARY,65536,802,807.584964353802,0.16173750000052678,0.12200614600078552,1e-05,131072,0.0,6.0,11.400346151999747,0.030522591750013817,0,20
3,14,52,60,4,HYBRID,UNIFORM_TERNARY,65536,802,807.584964353802,0.130572416999712,0.08631841700025689,1e-06,131072,0.0,8.046875,11.126335306250075,0.03775582090011085,0,20
3,14,52,60,4,HYBRID,UNIFORM_TERNARY,65536,802,807.584964353802,0.12728695800069545,0.10293033350080805,1e-07,131072,0.0,29.546875,11.682727460450042,0.029563937450075174,20,0
3,14,52,60,4,HYBRID,UNIFORM_TERNARY,65536,802,807.584964353802,0.12659354099923803,0.09863087499979883,1e-08,131072,0.0,0.03125,10.914655039650096,0.029718687500098893,20,0
3,14,52,60,4,HYBRID,UNIFORM_TERNARY,65536,802,807.584964353802,0.1306453329998476,0.06017837500075984,1e-09,131072,0.0,27.0625,13.085784825049632,0.038013306299944816,20,0
3,14,52,60,4,HYBRID,UNIFORM_TERNARY,65536,802,807.584964353802,0.14815550000275834,0.09343383349914802,1e-10,131072,0.0,23.0,10.845164679099616,0.03352855199973419,20,0
3,14,52,60,4,HYBRID,UNIFORM_TERNARY,65536,802,807.584964353802,0.1290982909995364,0.08965941650058085,1e-11,131072,0.0,0.0,11.63526721240014,0.028913724950689355,20,0
3,14,52,60,4,HYBRID,UNIFORM_TERNARY,65536,802,807.584964353802,0.12798391700198408,0.06396510400008992,1e-12,131072,0.0,0.015625,11.499563939499968,0.038178081399746586,0,20
3,14,54,60,4,HYBRID,UNIFORM_TERNARY,65536,830,835.5849643439243,0.1393426670001645,0.08089568700052041,0.01,131072,0.0,0.015625,9.862324097800592,0.027937402200041105,0,20
3,14,54,60,4,HYBRID,UNIFORM_TERNARY,65536,830,835.5849643439243,0.11363212499782094,0.0402860000012879,0.001,131072,0.0,48.09375,10.368208349999804,0.023414325100202405,0,20
3,14,54,60,4,HYBRID,UNIFORM_TERNARY,65536,830,835.5849643439243,0.11025079200044274,0.0685471039996628,0.0001,131072,0.0,25.046875,8.346572170750914,0.024124189549911534,0,20
3,14,54,60,4,HYBRID,UNIFORM_TERNARY,65536,830,835.5849643439243,0.12255041699972935,0.07912404199851153,1e-05,131072,0.0,0.015625,6.853866460549943,0.022456922949822912,0,20
3,14,54,60,4,HYBRID,UNIFORM_TERNARY,65536,830,835.5849643439243,0.10652595799911069,0.07236558350086852,1e-06,131072,0.0,11.015625,6.992019827200056,0.02340226044980227,0,20
3,14,54,60,4,HYBRID,UNIFORM_TERNARY,65536,830,835.5849643439243,0.10986575000060839,0.08817193749928265,1e-07,131072,0.0,10.0,6.981597573000181,0.022151997899891286,20,0
3,14,54,60,4,HYBRID,UNIFORM_TERNARY,65536,830,835.5849643439243,0.10837979099960648,0.06721118750101596,1e-08,131072,0.0,12.015625,7.903208160299982,0.024779043599846774,20,0
3,14,54,60,4,HYBRID,UNIFORM_TERNARY,65536,830,835.5849643439243,0.1318760829999519,0.09984758350037737,1e-09,131072,0.0,0.015625,13.768211962499663,0.03490911879998748,20,0
3,14,54,60,4,HYBRID,UNIFORM_TERNARY,65536,830,835.5849643439243,0.14978541700111236,0.09872454150172416,1e-10,131072,0.0,37.53125,11.874961735449688,0.028341570800148475,20,0
3,14,54,60,4,HYBRID,UNIFORM_TERNARY,65536,830,835.5849643439243,0.1230685420014197,0.08266904200172576,1e-11,131072,0.0,0.0,10.174981662549726,0.031859702250403646,20,0
3,14,54,60,4,HYBRID,UNIFORM_TERNARY,65536,830,835.5849643439243,0.13824804199975915,0.07890318749923608,1e-12,131072,0.0,16.0,11.173904237450007,0.03424579170023208,0,20
3,14,56,60,4,HYBRID,UNIFORM_TERNARY,65536,858,863.5849643376681,0.1321182920000865,0.09001625050223083,0.01,131072,0.0,25.015625,11.03534916230019,0.0374327916000766,0,20
3,14,56,60,4,HYBRID,UNIFORM_TERNARY,65536,858,863.5849643376681,0.169874000002892,0.12479197950051457,0.001,131072,0.0,0.0,11.488442733300326,0.031320706399674235,0,20
3,14,56,60,4,HYBRID,UNIFORM_TERNARY,65536,858,863.5849643376681,0.12177704200075823,0.07699254150065826,0.0001,131072,0.0,9.5,10.79255460000004,0.0333318668006541,0,20
3,14,56,60,4,HYBRID,UNIFORM_TERNARY,65536,858,863.5849643376681,0.1461966669994581,0.09467106299962325,1e-05,131072,0.0,0.0,12.07873020420011,0.035153347850064166,0,20
3,14,56,60,4,HYBRID,UNIFORM_TERNARY,65536,858,863.5849643376681,0.12583762500071316,0.07476387499809789,1e-06,131072,0.0,13.0,11.217695820899825,0.03330830214999878,0,20
3,14,56,60,4,HYBRID,UNIFORM_TERNARY,65536,858,863.5849643376681,0.12971291699795984,0.07324575000166078,1e-07,131072,0.0,0.0,13.484252595949329,0.03344631050058524,20,0
3,14,56,60,4,HYBRID,UNIFORM_TERNARY,65536,858,863.5849643376681,0.12541079099901253,0.08478391700009524,1e-08,131072,0.0,41.53125,10.066317956349485,0.032942791700043016,20,0
3,14,56,60,4,HYBRID,UNIFORM_TERNARY,65536,858,863.5849643376681,0.11413645799984806,0.07723249999980908,1e-09,131072,0.0,5.5,8.103604608250317,0.024881743699734216,20,0
3,14,56,60,4,HYBRID,UNIFORM_TERNARY,65536,858,863.5849643376681,0.09473683300166158,0.11037485399901925,1e-10,131072,0.0,0.0,11.575300904150208,0.032274383400908845,20,0
3,14,56,60,4,HYBRID,UNIFORM_TERNARY,65536,858,863.5849643376681,0.15672674999950686,0.10050883350049844,1e-11,131072,0.0,17.015625,10.867639722750573,0.03107382289999805,20,0
3,14,56,60,4,HYBRID,UNIFORM_TERNARY,65536,858,863.5849643376681,0.1275387089990545,0.0638050210000074,1e-12,131072,0.0,29.59375,10.045524381100403,0.02698487935085723,0,20
3,14,58,60,4,HYBRID,UNIFORM_TERNARY,65536,886,891.5849643361171,0.13113891600005445,0.07611089599959087,0.01,131072,0.0,29.546875,9.21535671670008,0.02277862075079611,0,20
3,14,58,60,4,HYBRID,UNIFORM_TERNARY,65536,886,891.5849643361171,0.11177662499903818,0.06717393800136051,0.001,131072,0.0,2.546875,6.89435637509996,0.0224536771496787,0,20
3,14,58,60,4,HYBRID,UNIFORM_TERNARY,65536,886,891.5849643361171,0.10764004099837621,0.07020318750073784,0.0001,131072,0.0,20.0,6.96743946450024,0.024981435349764068,0,20
3,14,58,60,4,HYBRID,UNIFORM_TERNARY,65536,886,891.5849643361171,0.10285833400121192,0.08019927099849156,1e-05,131072,0.0,14.5,6.930759597999895,0.023919987499721174,0,20
3,14,58,60,4,HYBRID,UNIFORM_TERNARY,65536,886,891.5849643361171,0.11766654099847074,0.054003104001822066,1e-06,131072,0.0,0.015625,6.569460412499575,0.02511629159998847,0,20
3,14,58,60,4,HYBRID,UNIFORM_TERNARY,65536,886,891.5849643361171,0.1316313329989498,0.08330514650151599,1e-07,131072,0.0,22.5,12.74825793755026,0.038311772850283886,20,0
3,14,58,60,4,HYBRID,UNIFORM_TERNARY,65536,886,891.5849643361171,0.1495003749987518,0.08864060400082963,1e-08,131072,0.0,10.5,13.349608683300357,0.008151593649745336,20,0
3,14,58,60,4,HYBRID,UNIFORM_TERNARY,65536,886,891.5849643361171,0.0884512500015262,0.0676795415020024,1e-09,131072,0.0,0.03125,9.101973570800329,0.03029125819921319,20,0
3,14,58,60,4,HYBRID,UNIFORM_TERNARY,65536,886,891.5849643361171,0.15789933299674885,0.06758329200056323,1e-10,131072,0.0,0.0,11.246852864449647,0.031684941700405034,20,0
3,14,58,60,4,HYBRID,UNIFORM_TERNARY,65536,886,891.5849643361171,0.12185337499977322,0.07543691650062101,1e-11,131072,0.0,0.0,11.200210193799467,0.02974389794999297,20,0
3,14,58,60,4,HYBRID,UNIFORM_TERNARY,65536,886,891.5849643361171,0.12088399999993271,0.10990845850028563,1e-12,131072,0.0,26.0,12.619637606350262,0.029956479150132508,0,20
3,14,59,60,4,HYBRID,UNIFORM_TERNARY,65536,900,905.5849643358255,0.12925141699815867,0.09556754149889457,0.01,131072,0.0,13.0,9.386065176899502,0.022730631349440956,0,20
3,14,59,60,4,HYBRID,UNIFORM_TERNARY,65536,900,905.5849643358255,0.09878279099939391,0.07582647900017037,0.001,131072,0.0,25.03125,12.68036630415063,0.03615757705028955,0,20
3,14,59,60,4,HYBRID,UNIFORM_TERNARY,65536,900,905.5849643358255,0.12676583299980848,0.06018814599883626,0.0001,131072,0.0,48.03125,10.354042783299338,0.0328320980497665,0,20
3,14,59,60,4,HYBRID,UNIFORM_TERNARY,65536,900,905.5849643358255,0.1376776670003892,0.07187481199980539,1e-05,131072,0.0,18.75,12.139494414700312,0.038139150150345816,0,20
3,14,59,60,4,HYBRID,UNIFORM_TERNARY,65536,900,905.5849643358255,0.14340187500056345,0.1014475415013294,1e-06,131072,0.0,11.0,11.624375706249884,0.033146295699953046,0,20
3,14,59,60,4,HYBRID,UNIFORM_TERNARY,65536,900,905.5849643358255,0.12543825000102515,0.07021985450046486,1e-07,131072,0.0,8.515625,11.22161880404965,0.030820352099726733,20,0
3,14,59,60,4,HYBRID,UNIFORM_TERNARY,65536,900,905.5849643358255,0.14558408399898326,0.11596108300000196,1e-08,131072,0.0,0.5,11.538163745850397,0.034614812600375446,20,0
3,14,59,60,4,HYBRID,UNIFORM_TERNARY,65536,900,905.5849643358255,0.12047633299880545,0.1139516459988954,1e-09,131072,0.0,14.0,11.902853793650138,0.03049838125025417,20,0
3,14,59,60,4,HYBRID,UNIFORM_TERNARY,65536,900,905.5849643358255,0.13168225000117673,0.0944283329990867,1e-10,131072,0.0,20.03125,10.596259677049602,0.011305648100096733,20,0
3,14,59,60,4,HYBRID,UNIFORM_TERNARY,65536,900,905.5849643358255,0.09097241700146697,0.08390952049921907,1e-11,131072,0.0,0.0,8.944726499949866,0.02393188125006418,20,0
3,14,59,60,4,HYBRID,UNIFORM_TERNARY,65536,900,905.5849643358255,0.12020862500139629,0.05685850000008941,1e-12,131072,0.0,0.0,6.980973770749915,0.022506974949828874,0,20
3,16,50,60,4,HYBRID,UNIFORM_TERNARY,65536,876,879.5849645617683,0.12772191600015503,0.10936864600080298,0.01,131072,0.0,18.515625,7.685904495999421,0.03481159565035341,0,20
3,16,50,60,4,HYBRID,UNIFORM_TERNARY,65536,876,879.5849645617683,0.11804591699910816,0.06989308300035191,0.001,131072,0.0,32.5,7.684270268899854,0.033259339650248874,0,20
3,16,50,60,4,HYBRID,UNIFORM_TERNARY,65536,876,879.5849645617683,0.12487945799875888,0.08256645800065598,0.0001,131072,0.0,19.015625,8.553202268750283,0.03569617500070308,0,20
3,16,50,60,4,HYBRID,UNIFORM_TERNARY,65536,876,879.5849645617683,0.15380583299702266,0.09904566700060968,1e-05,131072,0.0,18.53125,15.054240804250185,0.03901757715066197,0,20
3,16,50,60,4,HYBRID,UNIFORM_TERNARY,65536,876,879.5849645617683,0.15158187500128406,0.11669616650033277,1e-06,131072,0.0,0.0,8.429456749999735,0.03922197080009937,0,20
3,16,50,60,4,HYBRID,UNIFORM_TERNARY,65536,876,879.5849645617683,0.13430154199886601,0.07932768800128542,1e-07,131072,0.0,0.015625,12.688957079099964,0.04265715410001576,20,0
3,16,50,60,4,HYBRID,UNIFORM_TERNARY,65536,876,879.5849645617683,0.14238758300052723,0.09501018800074235,1e-08,131072,0.0,0.0,12.730350762299713,0.044076916700032595,20,0
3,16,50,60,4,HYBRID,UNIFORM_TERNARY,65536,876,879.5849645617683,0.13519825000184937,0.08372147900081472,1e-09,131072,0.0,19.5,13.764820474999578,0.04623404145004315,20,0
3,16,50,60,4,HYBRID,UNIFORM_TERNARY,65536,876,879.5849645617683,0.14343625000037719,0.08364718749908207,1e-10,131072,0.0,2.5,12.713534385450657,0.046461570850442516,20,0
3,16,50,60,4,HYBRID,UNIFORM_TERNARY,65536,876,879.5849645617683,0.13085358399985125,0.0858529790002649,1e-11,131072,0.0,60.5,13.76597582084978,0.01581994174994179,0,20
3,16,50,60,4,HYBRID,UNIFORM_TERNARY,65536,876,879.5849645617683,0.0948290829983307,0.060870062497997424,1e-12,131072,0.0,0.015625,11.102216343849978,0.04712321459974191,0,20
3,16,52,60,4,HYBRID,UNIFORM_TERNARY,65536,908,911.5849643572029,0.13177683300091303,0.09986045849836955,0.01,131072,0.0,9.53125,12.994254229200124,0.04450405629977468,0,20
3,16,52,60,4,HYBRID,UNIFORM_TERNARY,65536,908,911.5849643572029,0.1738705839998147,0.108594916498987,0.001,131072,0.0,2.5,12.21560146060001,0.04615910425000038,0,20
3,16,52,60,4,HYBRID,UNIFORM_TERNARY,65536,908,911.5849643572029,0.12937849999798345,0.08954460399945674,0.0001,131072,0.0,0.0,12.814867764650444,0.04509818765000091,0,20
3,16,52,60,4,HYBRID,UNIFORM_TERNARY,65536,908,911.5849643572029,0.17006166700230096,0.08291287449901574,1e-05,131072,0.0,20.015625,12.850395264700273,0.043700545850515485,0,20
3,16,52,60,4,HYBRID,UNIFORM_TERNARY,65536,908,911.5849643572029,0.1436394170013955,0.11689964600009262,1e-06,131072,0.0,0.0,12.057907097850148,0.04823436865044641,0,20
3,16,52,60,4,HYBRID,UNIFORM_TERNARY,65536,908,911.5849643572029,0.16389095799968345,0.0912633130010363,1e-07,131072,0.0,19.0,10.8204175457995,0.03203220839968708,20,0
3,16,52,60,4,HYBRID,UNIFORM_TERNARY,65536,908,911.5849643572029,0.12177787499967963,0.07348208300027181,1e-08,131072,0.0,34.0,7.992335399999502,0.030774893749548938,20,0
3,16,52,60,4,HYBRID,UNIFORM_TERNARY,65536,908,911.5849643572029,0.12906766600644914,0.05728712500058464,1e-09,131072,0.0,0.0,7.421198181200088,0.030358685348619473,20,0
3,16,52,60,4,HYBRID,UNIFORM_TERNARY,65536,908,911.5849643572029,0.13776129199686693,0.05948593749781139,1e-10,131072,0.0,23.0,7.503332335649247,0.032493693699507276,20,0
3,16,52,60,4,HYBRID,UNIFORM_TERNARY,65536,908,911.5849643572029,0.12560204199689906,0.0600819790015521,1e-11,131072,0.0,16.5,7.465930985402156,0.027105516600204282,20,0
3,16,52,60,4,HYBRID,UNIFORM_TERNARY,65536,908,911.5849643572029,0.1141758329977165,0.08800010399863822,1e-12,131072,0.0,9.5,13.534743181150407,0.042270706149793114,0,20
3,16,54,60,4,HYBRID,UNIFORM_TERNARY,65536,940,943.584964346832,0.15490999999747146,0.09358093699847814,0.01,131072,0.0,48.546875,14.966278322899598,0.04888324160056072,0,20
3,16,54,60,4,HYBRID,UNIFORM_TERNARY,65536,940,943.584964346832,0.14132629199593794,0.08551449999868055,0.001,131072,0.0,0.515625,12.269513268750597,0.04304679780070728,0,20
3,16,54,60,4,HYBRID,UNIFORM_TERNARY,65536,940,943.584964346832,0.13761937500385102,0.07224702050007181,0.0001,131072,0.0,22.5,12.631828620900706,0.0451534500985872,0,20
3,16,54,60,4,HYBRID,UNIFORM_TERNARY,65536,940,943.584964346832,0.12938754199421965,0.07316510449891211,1e-05,131072,0.0,15.5,13.291042458399534,0.012268920749193057,0,20
3,16,54,60,4,HYBRID,UNIFORM_TERNARY,65536,940,943.584964346832,0.1450178329978371,0.07522410450110328,1e-06,131072,0.0,33.0,12.69987804174998,0.0490182082499814,0,20
3,16,54,60,4,HYBRID,UNIFORM_TERNARY,65536,940,943.584964346832,0.13695191699662246,0.06575527099630563,1e-07,131072,0.0,13.0,13.776528679099647,0.04048583734984277,20,0
3,16,54,60,4,HYBRID,UNIFORM_TERNARY,65536,940,943.584964346832,0.1562703750023502,0.11082749999695807,1e-08,131072,0.0,3.5,12.22460536664912,0.043843925049804965,20,0
3,16,54,60,4,HYBRID,UNIFORM_TERNARY,65536,940,943.584964346832,0.13895220899576088,0.08101283350333688,1e-09,131072,0.0,0.515625,13.890733885448572,0.03985826060015825,20,0
3,16,54,60,4,HYBRID,UNIFORM_TERNARY,65536,940,943.584964346832,0.14865516699501313,0.10870127050293377,1e-10,131072,0.0,25.5,9.54392901039937,0.04469645434983249,20,0
3,16,54,60,4,HYBRID,UNIFORM_TERNARY,65536,940,943.584964346832,0.17597129099885933,0.09191268750510062,1e-11,131072,0.0,1.5,12.68058771449978,0.04285417700011749,20,0
3,16,54,60,4,HYBRID,UNIFORM_TERNARY,65536,940,943.584964346832,0.14406625000265194,0.11370993750097114,1e-12,131072,0.0,0.0,12.597943470800965,0.042744431250685014,0,20
3,16,56,60,4,HYBRID,UNIFORM_TERNARY,65536,972,975.5849643384921,0.14963495900155976,0.1322583744986332,0.01,131072,0.0,58.53125,11.700137102049847,0.04432514789987181,0,20
3,16,56,60,4,HYBRID,UNIFORM_TERNARY,65536,972,975.5849643384921,0.13398741700075334,0.06488970850114129,0.001,131072,0.0,39.0,9.92963547079853,0.011367883349521435,0,20
3,16,56,60,4,HYBRID,UNIFORM_TERNARY,65536,972,975.5849643384921,0.09913124999729916,0.06356604150278145,0.0001,131072,0.0,0.0,13.379148381350024,0.04494166670119739,0,20
3,16,56,60,4,HYBRID,UNIFORM_TERNARY,65536,972,975.5849643384921,0.14147483299893793,0.08008620850159787,1e-05,131072,0.0,23.0,12.819421135349694,0.04456170625089726,0,20
3,16,56,60,4,HYBRID,UNIFORM_TERNARY,65536,972,975.5849643384921,0.12682229200436268,0.09401952099869959,1e-06,131072,0.0,21.0,12.986246222950285,0.0458582415998535,0,20
3,16,56,60,4,HYBRID,UNIFORM_TERNARY,65536,972,975.5849643384921,0.1300463329971535,0.10689756249485072,1e-07,131072,0.0,22.53125,13.472401035299844,0.04580640419990232,20,0
3,16,56,60,4,HYBRID,UNIFORM_TERNARY,65536,972,975.5849643384921,0.15917400000034831,0.1171890629993868,1e-08,131072,0.0,1.0,13.494197214750603,0.04501857079812908,20,0
3,16,56,60,4,HYBRID,UNIFORM_TERNARY,65536,972,975.5849643384921,0.15903829200397013,0.07787468749666004,1e-09,131072,0.0,36.515625,12.470865823049099,0.046675700049308946,20,0
3,16,56,60,4,HYBRID,UNIFORM_TERNARY,65536,972,975.5849643384921,0.12941191699792398,0.07945374999690102,1e-10,131072,0.0,19.0,13.043345872950885,0.04821382075060683,20,0
3,16,56,60,4,HYBRID,UNIFORM_TERNARY,65536,972,975.5849643384921,0.1271527499993681,0.06860756250171107,1e-11,131072,0.0,0.0,11.476690718699682,0.036238897949442614,20,0
3,16,56,60,4,HYBRID,UNIFORM_TERNARY,65536,972,975.5849643384921,0.10944300000119256,0.08267379199969582,1e-12,131072,0.0,0.0,7.482072939600039,0.03693175214903022,0,20
3,16,58,60,4,HYBRID,UNIFORM_TERNARY,65536,1004,1007.5849643364511,0.11016879200178664,0.07932487500147545,0.01,131072,0.0,7.5,12.036736006400314,0.0430915458004165,0,20
3,16,58,60,4,HYBRID,UNIFORM_TERNARY,65536,1004,1007.5849643364511,0.15309995900315698,0.09549833299752208,0.001,131072,0.0,67.015625,13.42824112079943,0.04613017715091701,0,20
3,16,58,60,4,HYBRID,UNIFORM_TERNARY,65536,1004,1007.5849643364511,0.14369695800269255,0.07359618749978836,0.0001,131072,0.0,0.0,12.73520047504935,0.048557312601042214,0,20
3,16,58,60,4,HYBRID,UNIFORM_TERNARY,65536,1004,1007.5849643364511,0.14753570799803128,0.0846277505006583,1e-05,131072,0.0,32.5,12.184401066699502,0.010502322950560482,0,20
3,16,58,60,4,HYBRID,UNIFORM_TERNARY,65536,1004,1007.5849643364511,0.13589158299873816,0.08816402049706085,1e-06,131072,0.0,23.53125,11.514846583401596,0.047043937349008046,0,20
3,16,58,60,4,HYBRID,UNIFORM_TERNARY,65536,1004,1007.5849643364511,0.15159470900107408,0.0965257295029005,1e-07,131072,0.0,16.5,13.40920435625012,0.046206489498945305,20,0
3,16,58,60,4,HYBRID,UNIFORM_TERNARY,65536,1004,1007.5849643364511,0.15772087500226917,0.07745922850153875,1e-08,131072,0.0,39.53125,12.43348110605002,0.04405666269994981,20,0
3,16,58,60,4,HYBRID,UNIFORM_TERNARY,65536,1004,1007.5849643364511,0.12192516700451961,0.08318229200085625,1e-09,131072,0.0,0.0,12.98552306270103,0.04661865409980237,20,0
3,16,58,60,4,HYBRID,UNIFORM_TERNARY,65536,1004,1007.5849643364511,0.16528749999997672,0.07373458350048168,1e-10,131072,0.0,9.25,13.522053571050128,0.04424177495056938,20,0
3,16,58,60,4,HYBRID,UNIFORM_TERNARY,65536,1004,1007.5849643364511,0.15498800000204938,0.1030222710032831,1e-11,131072,0.0,59.0,12.994095820700386,0.044544216650319865,20,0
3,16,58,60,4,HYBRID,UNIFORM_TERNARY,65536,1004,1007.5849643364511,0.14742129100341117,0.07066670850326773,1e-12,131072,0.0,24.015625,12.792437268750655,0.04642146665137261,0,20
3,16,59,60,4,HYBRID,UNIFORM_TERNARY,65536,1020,1023.5849643358905,0.12633995799842523,0.09763500000190106,0.01,131072,0.0,26.5,11.166656027149292,0.038065152049239256,0,20
3,16,59,60,4,HYBRID,UNIFORM_TERNARY,65536,1020,1023.5849643358905,0.13229845800378826,0.09105718799764873,0.001,131072,0.0,18.03125,12.811319252100656,0.044627839450186,0,20
3,16,59,60,4,HYBRID,UNIFORM_TERNARY,65536,1020,1023.5849643358905,0.15860945799795445,0.082104145501944,0.0001,131072,0.0,13.0,12.99284145620004,0.04327389795180352,0,20
3,16,59,60,4,HYBRID,UNIFORM_TERNARY,65536,1020,1023.5849643358905,0.14320316699740943,0.07632137499967939,1e-05,131072,0.0,34.03125,13.34588073739942,0.04547571459952451,0,20
3,16,59,60,4,HYBRID,UNIFORM_TERNARY,65536,1020,1023.5849643358905,0.15344991700112587,0.0901071040025272,1e-06,131072,0.0,0.015625,12.024341689601352,0.04614646020054351,0,20
3,16,59,60,4,HYBRID,UNIFORM_TERNARY,65536,1020,1023.5849643358905,0.11745408300339477,0.089918999994552,1e-07,131072,0.0,1.5,12.376642685401384,0.046146131249406606,20,0
3,16,59,60,4,HYBRID,UNIFORM_TERNARY,65536,1020,1023.5849643358905,0.1403836669996963,0.09097729150380474,1e-08,131072,0.0,30.5,11.988318302100378,0.017428685399863753,20,0
3,16,59,60,4,HYBRID,UNIFORM_TERNARY,65536,1020,1023.5849643358905,0.09935833299823571,0.07428718749724794,1e-09,131072,0.0,10.0,13.513178216650704,0.04466405840066727,20,0
3,16,59,60,4,HYBRID,UNIFORM_TERNARY,65536,1020,1023.5849643358905,0.14347516700217966,0.10842345849960111,1e-10,131072,0.0,26.0,12.540547531149423,0.04225461880014336,20,0
3,16,59,60,4,HYBRID,UNIFORM_TERNARY,65536,1020,1023.5849643358905,0.14877987500221934,0.07629470900064916,1e-11,131072,0.0,4.0,12.854732364649681,0.045070368750020864,20,0
3,16,59,60,4,HYBRID,UNIFORM_TERNARY,65536,1020,1023.5849643358905,0.15037466599460458,0.09395643700190703,1e-12,131072,0.0,0.25,13.497178195951346,0.042834691750613274,0,20
3,18,50,60,4,HYBRID,UNIFORM_TERNARY,65536,978,979.5849646091307,0.1721290420027799,0.10230493749622838,0.01,131072,0.0,6.515625,14.637049658199249,0.046389168599489494,0,20
3,18,50,60,4,HYBRID,UNIFORM_TERNARY,65536,978,979.5849646091307,0.1692091660006554,0.08147495899538626,0.001,131072,0.0,29.0,13.114794216750306,0.04214990625114297,0,20
3,18,50,60,4,HYBRID,UNIFORM_TERNARY,65536,978,979.5849646091307,0.12422095800138777,0.0995943955022085,0.0001,131072,0.0,0.0,14.283760502149743,0.050099464649974834,0,20
3,18,50,60,4,HYBRID,UNIFORM_TERNARY,65536,978,979.5849646091307,0.1488913749999483,0.08063635399958002,1e-05,131072,0.0,20.0,14.428817427000103,0.05338390630095091,0,20
3,18,50,60,4,HYBRID,UNIFORM_TERNARY,65536,978,979.5849646091307,0.15778579199832166,0.09583295850097784,1e-06,131072,0.0,39.0,14.561450485450768,0.05510448535023897,0,20
3,18,50,60,4,HYBRID,UNIFORM_TERNARY,65536,978,979.5849646091307,0.16079233399796067,0.1216294790028769,1e-07,131072,0.0,21.5,14.729939816701153,0.0516693416502676,20,0
3,18,50,60,4,HYBRID,UNIFORM_TERNARY,65536,978,979.5849646091307,0.1671665409958223,0.09699612500116928,1e-08,131072,0.0,16.5,14.061581300000034,0.052374868750484894,20,0
3,18,50,60,4,HYBRID,UNIFORM_TERNARY,65536,978,979.5849646091307,0.15379616699647158,0.0483196869972744,1e-09,131072,0.0,34.25,14.641224331249395,0.052576520650472955,20,0
3,18,50,60,4,HYBRID,UNIFORM_TERNARY,65536,978,979.5849646091307,0.15971558300225297,0.09620006250042934,1e-10,131072,0.0,14.53125,13.389061412501906,0.05509288110042689,20,0
3,18,50,60,4,HYBRID,UNIFORM_TERNARY,65536,978,979.5849646091307,0.1619817089958815,0.09035856300033629,1e-11,131072,0.0,0.015625,14.926482570850567,0.05236846869884175,20,0
3,18,50,60,4,HYBRID,UNIFORM_TERNARY,65536,978,979.5849646091307,0.15934033300436568,0.08575647899851901,1e-12,131072,0.0,0.0,14.810622162400614,0.05115850839974882,0,20
3,18,52,60,4,HYBRID,UNIFORM_TERNARY,65536,1014,1015.5849643750058,0.15031070799886947,0.10985324949797359,0.01,131072,0.0,20.5,15.310959300000103,0.05409146670099289,0,20
3,18,52,60,4,HYBRID,UNIFORM_TERNARY,65536,1014,1015.5849643750058,0.16613483399851248,0.09437910449923947,0.001,131072,0.0,4.53125,14.21804635845001,0.05173481675046787,0,20
3,18,52,60,4,HYBRID,UNIFORM_TERNARY,65536,1014,1015.5849643750058,0.15899950000311946,0.08891754149954068,0.0001,131072,0.0,0.0,14.560624639700109,0.05058584595026332,0,20
3,18,52,60,4,HYBRID,UNIFORM_TERNARY,65536,1014,1015.5849643750058,0.16675383399706334,0.09408752099989215,1e-05,131072,0.0,25.5,14.109322918651378,0.05026123560055566,0,20
3,18,52,60,4,HYBRID,UNIFORM_TERNARY,65536,1014,1015.5849643750058,0.1629927499961923,0.10018766700159176,1e-06,131072,0.0,5.0,15.196841487400889,0.05254151250046561,0,20
3,18,52,60,4,HYBRID,UNIFORM_TERNARY,65536,1014,1015.5849643750058,0.1523635830017156,0.09498160400107736,1e-07,131072,0.0,22.25,14.10458676449889,0.05522393549872504,20,0
3,18,52,60,4,HYBRID,UNIFORM_TERNARY,65536,1014,1015.5849643750058,0.16749070800142363,0.10144312500051456,1e-08,131072,0.0,7.0,14.61470871040001,0.050525597948944775,20,0
3,18,52,60,4,HYBRID,UNIFORM_TERNARY,65536,1014,1015.5849643750058,0.16378925000026356,0.08339522900132579,1e-09,131072,0.0,26.03125,14.063705581250906,0.052685389600810595,20,0
3,18,52,60,4,HYBRID,UNIFORM_TERNARY,65536,1014,1015.5849643750058,0.16240941699652467,0.10783727100351825,1e-10,131072,0.0,26.53125,13.947292508450483,0.0438080916992476,20,0
3,18,52,60,4,HYBRID,UNIFORM_TERNARY,65536,1014,1015.5849643750058,0.1466982919955626,0.10776991699822247,1e-11,131072,0.0,0.0,15.300380210249568,0.05038760005045333,20,0
3,18,52,60,4,HYBRID,UNIFORM_TERNARY,65536,1014,1015.5849643750058,0.16471608400024706,0.09090577049937565,1e-12,131072,0.0,24.5625,14.335343970950271,0.05199610634954297,0,20
3,18,54,60,4,HYBRID,UNIFORM_TERNARY,65536,1050,inf,0.15070420799747808,0.08069349950164906,0.01,131072,0.0,17.515625,14.759832468799868,0.05184598334999464,0,20
3,18,54,60,4,HYBRID,UNIFORM_TERNARY,65536,1050,inf,0.1761119590009912,0.11711966650182148,0.001,131072,0.0,17.0,13.438464968699554,0.04437071639949863,0,20
3,18,54,60,4,HYBRID,UNIFORM_TERNARY,65536,1050,inf,0.13051241700304672,0.09996893750212621,0.0001,131072,0.0,18.0,14.501910387600583,0.051642925099804414,0,20
3,18,54,60,4,HYBRID,UNIFORM_TERNARY,65536,1050,inf,0.15839195899752667,0.07940189549844945,1e-05,131072,0.0,0.015625,14.531732760400336,0.053006754200396244,0,20
3,18,54,60,4,HYBRID,UNIFORM_TERNARY,65536,1050,inf,0.16001800000231015,0.08494150000115042,1e-06,131072,0.0,12.0,13.34008682079948,0.0462740748997021,0,20
3,18,54,60,4,HYBRID,UNIFORM_TERNARY,65536,1050,inf,0.15471395799977472,0.11447354199844995,1e-07,131072,0.0,6.375,15.292128485400827,0.05435827929941297,20,0
3,18,54,60,4,HYBRID,UNIFORM_TERNARY,65536,1050,inf,0.16124129100353457,0.08714081249854644,1e-08,131072,0.0,7.515625,14.792359849900095,0.0553314187010983,20,0
3,18,54,60,4,HYBRID,UNIFORM_TERNARY,65536,1050,inf,0.1657520420048968,0.09823783300089417,1e-09,131072,0.0,-28.140625,14.23825453975005,0.05429259165102849,20,0
3,18,54,60,4,HYBRID,UNIFORM_TERNARY,65536,1050,inf,0.15053562499815598,0.09830662549939007,1e-10,131072,0.0,0.25,13.349893660351517,0.05589445825025905,20,0
3,18,54,60,4,HYBRID,UNIFORM_TERNARY,65536,1050,inf,0.16254145900165895,0.10110508350044256,1e-11,131072,0.0,-795.640625,13.578577920899988,0.06003807294946455,0,20
3,18,54,60,4,HYBRID,UNIFORM_TERNARY,65536,1050,inf,0.16695841700129677,0.09841591650183545,1e-12,131072,0.0,-370.484375,15.250615433351413,0.05554004159894248,0,20
3,18,56,60,4,HYBRID,UNIFORM_TERNARY,65536,1086,inf,0.1621281249972526,0.08780606250002165,0.01,131072,1.0,-615.921875,16.222167510450525,0.05321011654923495,0,20
3,18,56,60,4,HYBRID,UNIFORM_TERNARY,65536,1086,inf,0.14942058399901725,0.09744333299749997,0.001,131072,0.0,9.5,13.491753483299908,0.041341595750054694,0,20
3,18,56,60,4,HYBRID,UNIFORM_TERNARY,65536,1086,inf,0.1239953330004937,0.10459935400285758,0.0001,131072,0.0,5.5625,15.393365412749699,0.049519441700613245,0,20
3,18,56,60,4,HYBRID,UNIFORM_TERNARY,65536,1086,inf,0.17326229200261878,0.09749654149709386,1e-05,131072,0.0,2.015625,21.272289941599958,0.0795973333006259,0,20
3,18,56,60,4,HYBRID,UNIFORM_TERNARY,65536,1086,inf,0.16357445900212042,0.12903366650061798,1e-06,131072,0.0,27.5,20.842431512399706,0.08636518549938046,0,20
3,18,56,60,4,HYBRID,UNIFORM_TERNARY,65536,1086,inf,0.17727729200123576,0.13392895799552207,1e-07,131072,0.0,17.53125,22.458595695899568,0.0878211832496163,20,0
3,18,56,60,4,HYBRID,UNIFORM_TERNARY,65536,1086,inf,0.15162962500471622,0.13790947899906314,1e-08,131072,0.0,0.03125,22.30500744779929,0.0749572167507722,20,0
3,18,56,60,4,HYBRID,UNIFORM_TERNARY,65536,1086,inf,0.17151612500310875,0.126384354000038,1e-09,131072,0.0,22.5,19.908739216749744,0.0557284709000669,20,0
3,18,56,60,4,HYBRID,UNIFORM_TERNARY,65536,1086,inf,0.13711179199890466,0.48549008349800715,1e-10,131072,0.0,1.015625,25.638664181299827,0.07841850415024965,20,0
3,18,56,60,4,HYBRID,UNIFORM_TERNARY,65536,1086,inf,0.157266083,0.13225608349999973,1e-11,131072,98.15625,41.0625,22.770484777049997,0.06759706040000424,0,20
3,18,56,60,4,HYBRID,UNIFORM_TERNARY,65536,1086,inf,0.1691217079999774,0.1355645830000185,1e-12,131072,0.0,30.03125,18.34714913975001,0.0853750519000073,0,20
3,18,58,60,4,HYBRID,UNIFORM_TERNARY,65536,1122,inf,0.1775247919999856,0.1284093125000254,0.01,131072,0.0,0.03125,18.424645708299995,0.05200849359998756,0,20
3,18,58,60,4,HYBRID,UNIFORM_TERNARY,65536,1122,inf,0.1406971250000879,0.08570774950010218,0.001,131072,0.0,21.71875,12.734570520900002,0.055225064599994766,0,20
3,18,58,60,4,HYBRID,UNIFORM_TERNARY,65536,1122,inf,0.16818620799995188,0.1264763749999247,0.0001,131072,0.25,24.0,20.53270954374999,0.08785737499993047,0,20
3,18,58,60,4,HYBRID,UNIFORM_TERNARY,65536,1122,inf,0.1909133330000259,0.15952693799999906,1e-05,131072,0.0,12.0,21.561438425250024,0.07958424594996813,0,20
3,18,58,60,4,HYBRID,UNIFORM_TERNARY,65536,1122,inf,0.1828085839997584,0.09173325000006116,1e-06,131072,0.0,18.515625,20.635928483149996,0.07891367280008126,0,20
3,18,58,60,4,HYBRID,UNIFORM_TERNARY,65536,1122,inf,0.17301674999998795,0.14765766599998642,1e-07,131072,0.0,0.0625,21.47856518319993,0.06963232714997503,20,0
3,18,58,60,4,HYBRID,UNIFORM_TERNARY,65536,1122,inf,0.18831337499977963,0.1401845625000533,1e-08,131072,0.0,41.046875,19.507095589749998,0.07987388134995399,20,0
3,18,58,60,4,HYBRID,UNIFORM_TERNARY,65536,1122,inf,0.18329408399995373,0.13294012450000992,1e-09,131072,0.0,11.0,21.394605431449964,0.08367432489994826,20,0
3,18,58,60,4,HYBRID,UNIFORM_TERNARY,65536,1122,inf,0.15079283300019597,0.13514429199994993,1e-10,131072,0.0,4.0,21.417825064650014,0.047629066649960805,20,0
3,18,58,60,4,HYBRID,UNIFORM_TERNARY,65536,1122,inf,0.1489018339998438,0.08493658299994422,1e-11,131072,0.0,6.53125,12.286868227150034,0.04365991469999244,0,20
3,18,58,60,4,HYBRID,UNIFORM_TERNARY,65536,1122,inf,0.1263382500001171,0.04741406250013824,1e-12,131072,0.0,31.046875,19.76672899170012,0.06979458540004088,0,20
3,18,59,60,4,HYBRID,UNIFORM_TERNARY,65536,1140,inf,0.149356541999623,0.047508145999927365,0.01,131072,0.0,19.59375,20.977815120900004,0.08172898745006023,0,20
3,18,59,60,4,HYBRID,UNIFORM_TERNARY,65536,1140,inf,0.2103128340004332,0.09552847949998977,0.001,131072,0.0,5.515625,20.253447533250075,0.07861068960005468,0,20
3,18,59,60,4,HYBRID,UNIFORM_TERNARY,65536,1140,inf,0.18709820799995214,0.15549133349986732,0.0001,131072,0.0,29.5,20.38900011655005,0.06823063744996034,0,20
3,18,59,60,4,HYBRID,UNIFORM_TERNARY,65536,1140,inf,0.16082779099997424,0.11260443750006743,1e-05,131072,0.0,9.0,21.379679500100064,0.06512169380011983,0,20
3,18,59,60,4,HYBRID,UNIFORM_TERNARY,65536,1140,inf,0.16994654199970682,0.10986122949952914,1e-06,131072,0.0,0.015625,18.53598954990007,0.06580645009994442,0,20
3,18,59,60,4,HYBRID,UNIFORM_TERNARY,65536,1140,inf,0.17069283299952076,0.09514983349981776,1e-07,131072,0.0,0.0,19.608721008449812,0.0828340457498598,20,0
3,18,59,60,4,HYBRID,UNIFORM_TERNARY,65536,1140,inf,0.1887217919993418,0.08152081300067948,1e-08,131072,0.0,10.53125,15.17405022289995,0.05436745415017867,20,0
3,18,59,60,4,HYBRID,UNIFORM_TERNARY,65536,1140,inf,0.16773529199963377,0.12053137500060984,1e-09,131072,0.0,11.53125,19.46617897915012,0.06859905835035533,20,0
3,18,59,60,4,HYBRID,UNIFORM_TERNARY,65536,1140,inf,0.14938400000028196,0.13356479199956084,1e-10,131072,0.0,8.5,20.387188812399927,0.08435468139996374,20,0
3,18,59,60,4,HYBRID,UNIFORM_TERNARY,65536,1140,inf,0.1570398749991,0.09715152100034175,1e-11,131072,0.0,2.5,19.891914818800068,0.08617903969970939,20,0
3,18,59,60,4,HYBRID,UNIFORM_TERNARY,65536,1140,inf,0.18980379200002062,0.12379285450060706,1e-12,131072,0.0,35.0,20.901998589550203,0.06130707700012863,0,20
