,model,max_depth,n_bits,training_time,compilation_time,prediction_time,accuracy,f1
0,DecisionTreeClassifier,3,2,0.0072154159999997525,0,0.00017129200000010059,0.7787610619469026,0.7311827956989247
1,DecisionTreeClassifier,3,3,0.008433292000000314,0,0.00019037499999985386,0.7787610619469026,0.7311827956989247
2,DecisionTreeClassifier,3,4,0.007002249999999766,0,0.00016641599999989154,0.7787610619469026,0.7311827956989247
3,DecisionTreeClassifier,3,5,0.006872250000000246,0,0.00012454099999992252,0.7787610619469026,0.7311827956989247
4,DecisionTreeClassifier,3,6,0.006739208000000385,0,0.0001064170000000253,0.7787610619469026,0.7311827956989247
5,DecisionTreeClassifier,3,7,0.006667167000000251,0,7.037500000039998e-05,0.7787610619469026,0.7311827956989247
6,DecisionTreeClassifier,3,8,0.006877624999999998,0,0.000136665999999952,0.7787610619469026,0.7311827956989247
7,DecisionTreeClassifier,3,9,0.006809875000000076,0,0.00011633300000024605,0.7787610619469026,0.7311827956989247
8,DecisionTreeClassifier,3,10,0.00680620799999998,0,0.00013983400000006085,0.7787610619469026,0.7311827956989247
9,DecisionTreeClassifier,3,11,0.006829500000000266,0,0.00011545800000023476,0.7787610619469026,0.7311827956989247
10,DecisionTreeClassifier,4,2,0.00890550000000001,0,0.00013541700000008206,0.7964601769911505,0.7578947368421053
11,DecisionTreeClassifier,4,3,0.008928125000000176,0,0.00014795799999989256,0.7964601769911505,0.7578947368421053
12,DecisionTreeClassifier,4,4,0.008882124999999963,0,0.00011349999999987759,0.7964601769911505,0.7578947368421053
13,DecisionTreeClassifier,4,5,0.009054415999999677,0,0.0001253329999997277,0.7964601769911505,0.7578947368421053
14,DecisionTreeClassifier,4,6,0.008927959000000207,0,0.00012033299999991698,0.7964601769911505,0.7578947368421053
15,DecisionTreeClassifier,4,7,0.00893629099999993,0,0.00011337499999974909,0.7964601769911505,0.7578947368421053
16,DecisionTreeClassifier,4,8,0.008948832999999823,0,0.00010866700000011775,0.7964601769911505,0.7578947368421053
17,DecisionTreeClassifier,4,9,0.008930582999999714,0,0.00012795800000020563,0.7964601769911505,0.7578947368421053
18,DecisionTreeClassifier,4,10,0.008925167000000123,0,0.00013591699999970785,0.7964601769911505,0.7578947368421053
19,DecisionTreeClassifier,4,11,0.008868125000000227,0,0.00010716600000026943,0.7964601769911505,0.7578947368421053
20,DecisionTreeClassifier,5,2,0.013896332999999927,0,0.0001487920000000642,0.8495575221238938,0.8316831683168316
21,DecisionTreeClassifier,5,3,0.01068266599999923,0,0.00013529200000039765,0.8495575221238938,0.8316831683168316
22,DecisionTreeClassifier,5,4,0.010660499999999296,0,0.00012133399999925132,0.8495575221238938,0.8316831683168316
23,DecisionTreeClassifier,5,5,0.01059491600000051,0,0.00010854199999954517,0.8495575221238938,0.8316831683168316
24,DecisionTreeClassifier,5,6,0.010552624999999871,0,0.00010350000000070025,0.8495575221238938,0.8316831683168316
25,DecisionTreeClassifier,5,7,0.011059458000000078,0,0.00030945799999937407,0.8495575221238938,0.8316831683168316
26,DecisionTreeClassifier,5,8,0.013008499999999756,0,0.000244458999999253,0.8495575221238938,0.8316831683168316
27,DecisionTreeClassifier,5,9,0.011065125000000009,0,0.00019841700000000628,0.8495575221238938,0.8316831683168316
28,DecisionTreeClassifier,5,10,0.01081908300000034,0,0.00018520799999954818,0.8495575221238938,0.8316831683168316
29,DecisionTreeClassifier,5,11,0.010876791999999469,0,0.00016824999999975887,0.8495575221238938,0.8316831683168316
30,DecisionTreeClassifier,6,2,0.012447374999999816,0,0.00020820800000009854,0.8761061946902655,0.8653846153846154
31,DecisionTreeClassifier,6,3,0.012380582999999667,0,0.00018120899999995999,0.8761061946902655,0.8653846153846154
32,DecisionTreeClassifier,6,4,0.012418166999999869,0,0.00017933300000017027,0.8761061946902655,0.8653846153846154
33,DecisionTreeClassifier,6,5,0.01231674999999921,0,0.00020699999999962415,0.8761061946902655,0.8653846153846154
34,DecisionTreeClassifier,6,6,0.015386375000000285,0,0.0003581249999999869,0.8761061946902655,0.8653846153846154
35,DecisionTreeClassifier,6,7,0.012731083000000254,0,0.00022104099999964433,0.8761061946902655,0.8653846153846154
36,DecisionTreeClassifier,6,8,0.012552874999999908,0,0.00019954199999983047,0.8761061946902655,0.8653846153846154
37,DecisionTreeClassifier,6,9,0.012391541999999589,0,0.00016458299999921877,0.8761061946902655,0.8653846153846154
38,DecisionTreeClassifier,6,10,0.012334333000000086,0,0.00015616600000001313,0.8761061946902655,0.8653846153846154
39,DecisionTreeClassifier,6,11,0.012329042000000179,0,0.00015433299999934036,0.8761061946902655,0.8653846153846154
40,DecisionTreeClassifier,7,2,0.013990000000000613,0,0.0001447919999995051,0.8938053097345132,0.8888888888888888
41,DecisionTreeClassifier,7,3,0.013866957999999485,0,0.00015824999999924927,0.8938053097345132,0.8888888888888888
42,DecisionTreeClassifier,7,4,0.013875792000000331,0,0.00014704100000084708,0.8938053097345132,0.8888888888888888
43,DecisionTreeClassifier,7,5,0.013992208999999534,0,0.00018962499999997107,0.8938053097345132,0.8888888888888888
44,DecisionTreeClassifier,7,6,0.01398916700000008,0,0.00014166700000028953,0.8938053097345132,0.8888888888888888
45,DecisionTreeClassifier,7,7,0.01400920800000005,0,0.0001867920000000467,0.8938053097345132,0.8888888888888888
46,DecisionTreeClassifier,7,8,0.014035291999999977,0,0.00015179200000048354,0.8938053097345132,0.8888888888888888
47,DecisionTreeClassifier,7,9,0.01412895800000058,0,0.00025487500000043184,0.8938053097345132,0.8888888888888888
48,DecisionTreeClassifier,7,10,0.013961333000000131,0,0.00016933300000054885,0.8938053097345132,0.8888888888888888
49,DecisionTreeClassifier,7,11,0.013946208999999321,0,0.00018291599999997743,0.8938053097345132,0.8888888888888888
50,DecisionTreeClassifier,8,2,0.015295000000000059,0,0.00020770800000047274,0.911504424778761,0.9074074074074074
51,DecisionTreeClassifier,8,3,0.015103458999999653,0,0.0001904159999996935,0.911504424778761,0.9074074074074074
52,DecisionTreeClassifier,8,4,0.01519895800000004,0,0.00018937499999971408,0.911504424778761,0.9074074074074074
53,DecisionTreeClassifier,8,5,0.015093665999999395,0,0.00019999999999953388,0.911504424778761,0.9074074074074074
54,DecisionTreeClassifier,8,6,0.015217416999999678,0,0.00018962499999997107,0.911504424778761,0.9074074074074074
55,DecisionTreeClassifier,8,7,0.015076415999999426,0,0.0001530409999999094,0.911504424778761,0.9074074074074074
56,DecisionTreeClassifier,8,8,0.01533824999999922,0,0.00028533399999997044,0.911504424778761,0.9074074074074074
57,DecisionTreeClassifier,8,9,0.015473958000000287,0,0.00020795799999984155,0.911504424778761,0.9074074074074074
58,DecisionTreeClassifier,8,10,0.015291417000000251,0,0.000172000000000061,0.911504424778761,0.9074074074074074
59,DecisionTreeClassifier,8,11,0.015236209000000223,0,0.00018487499999952917,0.911504424778761,0.9074074074074074
60,DecisionTreeClassifier,9,2,0.016242166999999696,0,0.00018362500000002058,0.9380530973451328,0.9369369369369369
61,DecisionTreeClassifier,9,3,0.016316666999999896,0,0.00018129100000052745,0.9380530973451328,0.9369369369369369
62,DecisionTreeClassifier,9,4,0.01618812500000022,0,0.00019620800000019756,0.9380530973451328,0.9369369369369369
63,DecisionTreeClassifier,9,5,0.01991412500000056,0,0.0001816669999996634,0.9380530973451328,0.9369369369369369
64,DecisionTreeClassifier,9,6,0.016272791999999647,0,0.0001778330000004047,0.9380530973451328,0.9369369369369369
65,DecisionTreeClassifier,9,7,0.01639108300000025,0,0.00019024999999928127,0.9380530973451328,0.9369369369369369
66,DecisionTreeClassifier,9,8,0.01621466699999985,0,0.0001604170000000238,0.9380530973451328,0.9369369369369369
67,DecisionTreeClassifier,9,9,0.016203625000000166,0,0.00014808300000002106,0.9380530973451328,0.9369369369369369
68,DecisionTreeClassifier,9,10,0.016248082999999802,0,0.0001527909999996524,0.9380530973451328,0.9369369369369369
69,DecisionTreeClassifier,9,11,0.01632308399999971,0,0.00020466700000021376,0.9380530973451328,0.9369369369369369
70,DecisionTreeClassifier,10,2,0.017506291000000118,0,0.00016229199999973076,0.9380530973451328,0.9380530973451328
71,DecisionTreeClassifier,10,3,0.017263333999999908,0,0.0001338750000003941,0.9380530973451328,0.9380530973451328
72,DecisionTreeClassifier,10,4,0.017442207999999404,0,0.00013037500000034896,0.9380530973451328,0.9380530973451328
73,DecisionTreeClassifier,10,5,0.021034582999999607,0,0.00026929199999958797,0.9380530973451328,0.9380530973451328
74,DecisionTreeClassifier,10,6,0.01770225000000014,0,0.0002299169999995243,0.9380530973451328,0.9380530973451328
75,DecisionTreeClassifier,10,7,0.017472958000000816,0,0.00018095800000050843,0.9380530973451328,0.9380530973451328
76,DecisionTreeClassifier,10,8,0.017360416999999906,0,0.00017120900000033856,0.9380530973451328,0.9380530973451328
77,DecisionTreeClassifier,10,9,0.021772541999999895,0,0.00026637499999981884,0.9380530973451328,0.9380530973451328
78,DecisionTreeClassifier,10,10,0.017556166000000317,0,0.00019104100000078006,0.9380530973451328,0.9380530973451328
79,DecisionTreeClassifier,10,11,0.017944166000000372,0,0.00019954199999983047,0.9380530973451328,0.9380530973451328
80,DecisionTreeClassifier,11,2,0.01819274999999987,0,0.00013512499999990268,0.9646017699115044,0.9649122807017544
81,DecisionTreeClassifier,11,3,0.018298667000000712,0,0.00010470800000028646,0.9646017699115044,0.9649122807017544
82,DecisionTreeClassifier,11,4,0.01824779100000029,0,0.0002054160000000138,0.9646017699115044,0.9649122807017544
83,DecisionTreeClassifier,11,5,0.02293825000000016,0,0.00022304099999992388,0.9646017699115044,0.9649122807017544
84,DecisionTreeClassifier,11,6,0.024090958000000384,0,0.00025404199999989885,0.9646017699115044,0.9649122807017544
85,DecisionTreeClassifier,11,7,0.022977166999999632,0,0.0002352919999992764,0.9646017699115044,0.9649122807017544
86,DecisionTreeClassifier,11,8,0.023842874999999708,0,0.0002962079999999645,0.9646017699115044,0.9649122807017544
87,DecisionTreeClassifier,11,9,0.018643332999999984,0,0.0001780829999997735,0.9646017699115044,0.9649122807017544
88,DecisionTreeClassifier,11,10,0.02152133300000081,0,0.00019470800000043198,0.9646017699115044,0.9649122807017544
89,DecisionTreeClassifier,11,11,0.018529250000000275,0,0.0001895410000001263,0.9646017699115044,0.9649122807017544
90,DecisionTreeClassifier,12,2,0.019541957999999582,0,0.00015237499999987136,0.9646017699115044,0.9649122807017544
91,DecisionTreeClassifier,12,3,0.01922258300000035,0,0.00017420799999978698,0.9646017699115044,0.9649122807017544
92,DecisionTreeClassifier,12,4,0.025070165999999894,0,0.00026612500000045003,0.9646017699115044,0.9649122807017544
93,DecisionTreeClassifier,12,5,0.019744207999999652,0,0.0001920420000001144,0.9646017699115044,0.9649122807017544
94,DecisionTreeClassifier,12,6,0.019488291000000046,0,0.00018104199999946502,0.9646017699115044,0.9649122807017544
95,DecisionTreeClassifier,12,7,0.02630654199999949,0,0.00021912500000009771,0.9646017699115044,0.9649122807017544
96,DecisionTreeClassifier,12,8,0.02523929200000019,0,0.00026508300000038787,0.9646017699115044,0.9649122807017544
97,DecisionTreeClassifier,12,9,0.01972249999999942,0,0.0002082919999999433,0.9646017699115044,0.9649122807017544
98,DecisionTreeClassifier,12,10,0.019601707999999718,0,0.00019808299999990453,0.9646017699115044,0.9649122807017544
99,DecisionTreeClassifier,12,11,0.019458832999999842,0,0.00017733299999989072,0.9646017699115044,0.9649122807017544
100,DecisionTreeClassifier,13,2,0.020329165999999788,0,0.00013995900000018935,0.9646017699115044,0.9649122807017544
101,DecisionTreeClassifier,13,3,0.020326541000000198,0,0.0001933750000002732,0.9646017699115044,0.9649122807017544
102,DecisionTreeClassifier,13,4,0.02048858300000056,0,0.00018729100000047794,0.9646017699115044,0.9649122807017544
103,DecisionTreeClassifier,13,5,0.020431792000000115,0,0.000204000000000093,0.9646017699115044,0.9649122807017544
104,DecisionTreeClassifier,13,6,0.02619679199999947,0,0.00033354199999990897,0.9646017699115044,0.9649122807017544
105,DecisionTreeClassifier,13,7,0.020673291999999677,0,0.0002571670000000026,0.9646017699115044,0.9649122807017544
106,DecisionTreeClassifier,13,8,0.03392162499999962,0,0.0003881249999997394,0.9646017699115044,0.9649122807017544
107,DecisionTreeClassifier,13,9,0.06342041600000048,0,0.00033941599999920413,0.9646017699115044,0.9649122807017544
108,DecisionTreeClassifier,13,10,0.020576625000000348,0,0.0002184590000000597,0.9646017699115044,0.9649122807017544
109,DecisionTreeClassifier,13,11,0.020470416999999408,0,0.00022095899999996504,0.9646017699115044,0.9649122807017544
110,DecisionTreeClassifier,14,2,0.02706770900000066,0,0.0002641249999992823,0.9734513274336283,0.9747899159663865
111,DecisionTreeClassifier,14,3,0.021759834000000033,0,0.0002000410000002617,0.9734513274336283,0.9747899159663865
112,DecisionTreeClassifier,14,4,0.025895000000000223,0,0.00027554199999979545,0.9734513274336283,0.9747899159663865
113,DecisionTreeClassifier,14,5,0.028799124999999925,0,0.0001560830000002511,0.9734513274336283,0.9747899159663865
114,DecisionTreeClassifier,14,6,0.022970917000000313,0,0.0003798340000003009,0.9734513274336283,0.9747899159663865
115,DecisionTreeClassifier,14,7,0.022913083999999806,0,0.00015745800000033228,0.9734513274336283,0.9747899159663865
116,DecisionTreeClassifier,14,8,0.021487000000000478,0,0.00016537499999991212,0.9734513274336283,0.9747899159663865
117,DecisionTreeClassifier,14,9,0.024877500000000552,0,0.0002143330000006216,0.9734513274336283,0.9747899159663865
118,DecisionTreeClassifier,14,10,0.021116000000000135,0,0.0001061670000002124,0.9734513274336283,0.9747899159663865
119,DecisionTreeClassifier,14,11,0.02087800000000062,0,7.454199999923361e-05,0.9734513274336283,0.9747899159663865
120,RandomForestClassifier,3,2,0.007413249999999927,0,0.0003117079999999106,0.7610619469026548,0.7326732673267327
121,RandomForestClassifier,3,3,0.007476292000000662,0,0.00034033300000047007,0.7079646017699115,0.6666666666666666
122,RandomForestClassifier,3,4,0.007852541000000102,0,0.0003751250000005868,0.7699115044247787,0.7291666666666666
123,RandomForestClassifier,3,5,0.00783041700000009,0,0.0003701249999998879,0.7079646017699115,0.6451612903225806
124,RandomForestClassifier,3,6,0.008269165999999828,0,0.0004010839999999405,0.7079646017699115,0.6292134831460674
125,RandomForestClassifier,3,7,0.01655337499999998,0,0.00040562499999996504,0.6902654867256637,0.6236559139784946
126,RandomForestClassifier,3,8,0.013302833000000014,0,0.0004167920000002212,0.7522123893805309,0.7142857142857143
127,RandomForestClassifier,3,9,0.01648108400000048,0,0.00040450000000014086,0.7079646017699115,0.6666666666666666
128,RandomForestClassifier,3,10,0.00810191599999932,0,0.0003764579999998574,0.7256637168141593,0.6593406593406593
129,RandomForestClassifier,3,11,0.01710420800000012,0,0.00039454199999955364,0.7433628318584071,0.6947368421052632
130,RandomForestClassifier,4,2,0.01711475000000018,0,0.0003962499999996538,0.8053097345132744,0.7843137254901961
131,RandomForestClassifier,4,3,0.016321957999999803,0,0.0004344999999998933,0.7699115044247787,0.7346938775510204
132,RandomForestClassifier,4,4,0.009705459000000083,0,0.0004129170000002347,0.831858407079646,0.8118811881188119
133,RandomForestClassifier,4,5,0.015117917000000425,0,0.00042012500000065955,0.7699115044247787,0.7291666666666666
134,RandomForestClassifier,4,6,0.017430374999999998,0,0.0005107909999999549,0.8230088495575221,0.8
135,RandomForestClassifier,4,7,0.009547750000000299,0,0.00038274999999998727,0.7699115044247787,0.7291666666666666
136,RandomForestClassifier,4,8,0.01765825000000021,0,0.0004502920000000188,0.7787610619469026,0.7572815533980582
137,RandomForestClassifier,4,9,0.01618937499999973,0,0.00045029099999993605,0.8141592920353983,0.8
138,RandomForestClassifier,4,10,0.009938124999999687,0,0.0004286669999995496,0.831858407079646,0.8155339805825242
139,RandomForestClassifier,4,11,0.016887458000000244,0,0.0004291670000000636,0.8053097345132744,0.7755102040816326
140,RandomForestClassifier,5,2,0.01047708299999961,0,0.0004679999999996909,0.8584070796460177,0.8461538461538461
141,RandomForestClassifier,5,3,0.010415708000000024,0,0.0004887079999997823,0.8053097345132744,0.7755102040816326
142,RandomForestClassifier,5,4,0.00991733299999975,0,0.0004399169999995678,0.8672566371681416,0.8571428571428571
143,RandomForestClassifier,5,5,0.01585754099999992,0,0.0005491669999999615,0.8495575221238938,0.8349514563106796
144,RandomForestClassifier,5,6,0.019511666999999733,0,0.0004717919999999154,0.8761061946902655,0.8653846153846154
145,RandomForestClassifier,5,7,0.010829207999999646,0,0.00048166599999976967,0.8230088495575221,0.803921568627451
146,RandomForestClassifier,5,8,0.009351000000000553,0,0.0004417080000003182,0.8407079646017699,0.8301886792452831
147,RandomForestClassifier,5,9,0.009227333000000115,0,0.00039329200000004505,0.7787610619469026,0.7368421052631579
148,RandomForestClassifier,5,10,0.010318500000000341,0,0.00046033300000036803,0.7964601769911505,0.7676767676767676
149,RandomForestClassifier,5,11,0.010526834000000207,0,0.0004301669999993152,0.831858407079646,0.8080808080808081
150,RandomForestClassifier,6,2,0.010991957999999968,0,0.0004222500000006235,0.8584070796460177,0.8431372549019608
151,RandomForestClassifier,6,3,0.010709292000000481,0,0.0004533340000003605,0.8672566371681416,0.8571428571428571
152,RandomForestClassifier,6,4,0.010367416999999435,0,0.00043129200000002754,0.8761061946902655,0.8653846153846154
153,RandomForestClassifier,6,5,0.01062050000000081,0,0.00045383300000079174,0.8407079646017699,0.8235294117647058
154,RandomForestClassifier,6,6,0.022793500000000577,0,0.00047962500000053865,0.8938053097345132,0.8867924528301887
155,RandomForestClassifier,6,7,0.011775416999999955,0,0.0005052080000007564,0.8761061946902655,0.8727272727272727
156,RandomForestClassifier,6,8,0.011494124999999578,0,0.00044299999999974915,0.9203539823008849,0.9174311926605505
157,RandomForestClassifier,6,9,0.011160709000000324,0,0.0004300419999996308,0.8495575221238938,0.8316831683168316
158,RandomForestClassifier,6,10,0.010000917000000165,0,0.00039183400000020185,0.8584070796460177,0.8490566037735849
159,RandomForestClassifier,6,11,0.011274749999999223,0,0.00041454199999968466,0.8672566371681416,0.8543689320388349
160,RandomForestClassifier,7,2,0.011367041999999827,0,0.00040850000000069997,0.9026548672566371,0.897196261682243
161,RandomForestClassifier,7,3,0.01161120899999979,0,0.0004414160000001388,0.9469026548672567,0.9473684210526315
162,RandomForestClassifier,7,4,0.011448875000000136,0,0.0004294169999994324,0.8849557522123894,0.8761904761904762
163,RandomForestClassifier,7,5,0.011627833000000365,0,0.0004028749999998027,0.8584070796460177,0.8461538461538461
164,RandomForestClassifier,7,6,0.010804457999999961,0,0.00046254200000017676,0.8584070796460177,0.8431372549019608
165,RandomForestClassifier,7,7,0.011856958000000084,0,0.00041366600000003473,0.8761061946902655,0.8679245283018868
166,RandomForestClassifier,7,8,0.01147395799999984,0,0.00045604099999962955,0.9469026548672567,0.9464285714285714
167,RandomForestClassifier,7,9,0.011340957999999901,0,0.00042504199999982006,0.8672566371681416,0.8571428571428571
168,RandomForestClassifier,7,10,0.011349333000000073,0,0.0004458330000005617,0.9203539823008849,0.9174311926605505
169,RandomForestClassifier,7,11,0.011654666000000091,0,0.00043595899999981924,0.8672566371681416,0.8543689320388349
170,RandomForestClassifier,8,2,0.012029832999999712,0,0.0004773750000000021,0.9203539823008849,0.9174311926605505
171,RandomForestClassifier,8,3,0.01305683400000035,0,0.00103941700000032,0.9026548672566371,0.8990825688073395
172,RandomForestClassifier,8,4,0.014088958000000318,0,0.0009367090000003131,0.8849557522123894,0.8785046728971962
173,RandomForestClassifier,8,5,0.012794083999999373,0,0.0005234169999992488,0.8761061946902655,0.8679245283018868
174,RandomForestClassifier,8,6,0.02224408299999947,0,0.0005422909999994729,0.9380530973451328,0.9369369369369369
175,RandomForestClassifier,8,7,0.012144958000000372,0,0.0004560000000006781,0.9292035398230089,0.9272727272727272
176,RandomForestClassifier,8,8,0.011668999999999485,0,0.00040499999999976666,0.9292035398230089,0.9272727272727272
177,RandomForestClassifier,8,9,0.01191570800000008,0,0.00042041699999995075,0.9026548672566371,0.897196261682243
178,RandomForestClassifier,8,10,0.011507833999999662,0,0.000452165999999643,0.9026548672566371,0.897196261682243
179,RandomForestClassifier,8,11,0.012350917000000017,0,0.0005057500000003046,0.911504424778761,0.9107142857142857
180,RandomForestClassifier,9,2,0.012609707999999387,0,0.0004016250000002941,0.9469026548672567,0.9473684210526315
181,RandomForestClassifier,9,3,0.012227874999999777,0,0.000439667000000199,0.9646017699115044,0.9649122807017544
182,RandomForestClassifier,9,4,0.012000875000000022,0,0.0004294169999994324,0.9292035398230089,0.9298245614035088
183,RandomForestClassifier,9,5,0.011748665999999908,0,0.00036279100000058406,0.9380530973451328,0.9369369369369369
184,RandomForestClassifier,9,6,0.011174792000000267,0,0.00035512500000045577,0.9380530973451328,0.9380530973451328
185,RandomForestClassifier,9,7,0.020307417000000605,0,0.0005213330000000127,0.9026548672566371,0.8990825688073395
186,RandomForestClassifier,9,8,0.021435916999999804,0,0.0004948749999993396,0.9469026548672567,0.9464285714285714
187,RandomForestClassifier,9,9,0.018391541999999816,0,0.0004959580000001296,0.911504424778761,0.9090909090909091
188,RandomForestClassifier,9,10,0.021142292000000396,0,0.0005443340000006458,0.911504424778761,0.9074074074074074
189,RandomForestClassifier,9,11,0.018542249999999427,0,0.0005278749999995114,0.9469026548672567,0.9464285714285714
190,RandomForestClassifier,10,2,0.013933292000000819,0,0.0005216660000000317,0.9557522123893806,0.9557522123893806
191,RandomForestClassifier,10,3,0.013881999999999728,0,0.0005937499999992824,0.9734513274336283,0.9739130434782609
192,RandomForestClassifier,10,4,0.01342733400000018,0,0.000496082999999814,0.9380530973451328,0.9380530973451328
193,RandomForestClassifier,10,5,0.013096166999999603,0,0.0005297920000000289,0.9557522123893806,0.9557522123893806
194,RandomForestClassifier,10,6,0.013837542000000091,0,0.0004975419999997399,0.9292035398230089,0.9272727272727272
195,RandomForestClassifier,10,7,0.01867970799999963,0,0.0005784999999995932,0.9380530973451328,0.9369369369369369
196,RandomForestClassifier,10,8,0.0197907500000003,0,0.0005104160000000135,0.9557522123893806,0.9557522123893806
197,RandomForestClassifier,10,9,0.013171708999999865,0,0.0004623749999996818,0.9823008849557522,0.9827586206896551
198,RandomForestClassifier,10,10,0.013316542000000098,0,0.0006732500000001806,0.9734513274336283,0.9739130434782609
199,RandomForestClassifier,10,11,0.013301750000000112,0,0.0005241250000000974,0.9557522123893806,0.9557522123893806
200,RandomForestClassifier,11,2,0.013679041000000502,0,0.0004180419999997298,0.9469026548672567,0.9464285714285714
201,RandomForestClassifier,11,3,0.013465832999999705,0,0.0004114170000004691,0.9734513274336283,0.9739130434782609
202,RandomForestClassifier,11,4,0.01952395799999973,0,0.0004783330000002195,0.9557522123893806,0.9557522123893806
203,RandomForestClassifier,11,5,0.013394167000000401,0,0.0005100000000002325,0.9911504424778761,0.9914529914529915
204,RandomForestClassifier,11,6,0.013808333000000061,0,0.000480708999999635,0.9646017699115044,0.9655172413793104
205,RandomForestClassifier,11,7,0.013933250000000008,0,0.0004165419999999642,0.9734513274336283,0.9739130434782609
206,RandomForestClassifier,11,8,0.012956250000000225,0,0.0004556249999998485,0.9557522123893806,0.9557522123893806
207,RandomForestClassifier,11,9,0.015928542000000157,0,0.0008823749999997688,0.9734513274336283,0.9743589743589743
208,RandomForestClassifier,11,10,0.013266916000000073,0,0.00044895799999977726,0.9734513274336283,0.9739130434782609
209,RandomForestClassifier,11,11,0.013885000000000147,0,0.0005467499999998182,0.9734513274336283,0.9739130434782609
210,RandomForestClassifier,12,2,0.013385916999999914,0,0.00040533299999978567,0.9646017699115044,0.9649122807017544
211,RandomForestClassifier,12,3,0.013688457999999848,0,0.0005197499999995969,0.9734513274336283,0.9743589743589743
212,RandomForestClassifier,12,4,0.021496540999999425,0,0.0004404999999998438,0.9734513274336283,0.9743589743589743
213,RandomForestClassifier,12,5,0.021533500000000316,0,0.0005798750000005626,0.9823008849557522,0.9827586206896551
214,RandomForestClassifier,12,6,0.014525499999999525,0,0.0005161669999997898,0.9646017699115044,0.9649122807017544
215,RandomForestClassifier,12,7,0.014123457999999367,0,0.0004925839999998516,0.9646017699115044,0.9655172413793104
216,RandomForestClassifier,12,8,0.02066916600000024,0,0.0005076669999999339,0.9734513274336283,0.9739130434782609
217,RandomForestClassifier,12,9,0.020520125,0,0.0005305839999998341,0.9557522123893806,0.9557522123893806
218,RandomForestClassifier,12,10,0.020280500000000146,0,0.0004943749999997138,0.9734513274336283,0.9739130434782609
219,RandomForestClassifier,12,11,0.014039000000000357,0,0.0004454999999996545,0.9823008849557522,0.9827586206896551
220,RandomForestClassifier,13,2,0.014092666000000698,0,0.0005152500000003002,0.9911504424778761,0.9914529914529915
221,RandomForestClassifier,13,3,0.01407133299999952,0,0.00045995800000042664,0.9646017699115044,0.9649122807017544
222,RandomForestClassifier,13,4,0.015265207999999753,0,0.0010300829999998484,0.9911504424778761,0.9914529914529915
223,RandomForestClassifier,13,5,0.014625416000000335,0,0.0005386249999999038,0.9557522123893806,0.9557522123893806
224,RandomForestClassifier,13,6,0.02102566699999997,0,0.000441374999999411,0.9734513274336283,0.9739130434782609
225,RandomForestClassifier,13,7,0.017683833000001314,0,0.0005241250000000974,0.9911504424778761,0.9914529914529915
226,RandomForestClassifier,13,8,0.015426875000001061,0,0.0005067499999995562,0.9469026548672567,0.9491525423728814
227,RandomForestClassifier,13,9,0.01990975000000006,0,0.0004779999999993123,0.9823008849557522,0.9827586206896551
228,RandomForestClassifier,13,10,0.014139750000000006,0,0.0005177920000001279,0.9646017699115044,0.9649122807017544
229,RandomForestClassifier,13,11,0.013816000000000273,0,0.0004982499999997003,0.9823008849557522,0.9827586206896551
230,RandomForestClassifier,14,2,0.01934470800000021,0,0.00048695799999975975,0.9823008849557522,0.9827586206896551
231,RandomForestClassifier,14,3,0.014650582999999884,0,0.00046720899999996846,0.9823008849557522,0.9830508474576272
232,RandomForestClassifier,14,4,0.014479790999999409,0,0.0005294170000009757,0.9823008849557522,0.9827586206896551
233,RandomForestClassifier,14,5,0.014342041000000805,0,0.0004897079999999221,0.9823008849557522,0.9827586206896551
234,RandomForestClassifier,14,6,0.012686290999999628,0,0.0003612499999992025,0.9911504424778761,0.9914529914529915
235,RandomForestClassifier,14,7,0.012577124999999967,0,0.000341291999999882,0.9646017699115044,0.9649122807017544
236,RandomForestClassifier,14,8,0.012315834000000692,0,0.0003488330000003259,0.9734513274336283,0.9743589743589743
237,RandomForestClassifier,14,9,0.012552624999999651,0,0.00037745800000088536,1.0,1.0
238,RandomForestClassifier,14,10,0.014219333999999861,0,0.0005025829999993903,0.9911504424778761,0.9914529914529915
239,RandomForestClassifier,14,11,0.020667791000001046,0,0.000954333999999335,0.9823008849557522,0.9830508474576272
240,FHEDecisionTreeClassifier,3,2,0.5322262919999989,0.5554161670000006,47.427252958,0.7256637168141593,0.6436781609195402
241,FHEDecisionTreeClassifier,3,3,0.591276624999999,0.551472167,50.923322666999994,0.7433628318584071,0.6741573033707865
242,FHEDecisionTreeClassifier,3,4,0.4089423750000094,0.9929836670000043,135.74708262500002,0.7699115044247787,0.7346938775510204
243,FHEDecisionTreeClassifier,3,5,0.46528937499999756,1.063456207999991,155.982678375,0.7699115044247787,0.7547169811320755
244,FHEDecisionTreeClassifier,3,6,0.5618814579999594,1.1870391250000125,172.382951875,0.7787610619469026,0.7311827956989247
245,FHEDecisionTreeClassifier,3,7,0.6268645840000318,0.9032381250000299,185.430299666,0.7699115044247787,0.717391304347826
246,FHEDecisionTreeClassifier,3,8,0.59775424999998,1.0304406669999935,200.67639587500003,0.7787610619469026,0.7311827956989247
247,FHEDecisionTreeClassifier,3,9,0.3693387910000183,0.9239746670000386,223.49363837500005,0.7787610619469026,0.7311827956989247
248,FHEDecisionTreeClassifier,3,10,0.4676026249999268,1.0434791249999762,258.1321083329999,0.7787610619469026,0.7311827956989247
249,FHEDecisionTreeClassifier,3,11,0.7556591249999656,1.1362764999998944,277.15221637499985,0.7787610619469026,0.7311827956989247
250,FHEDecisionTreeClassifier,4,2,0.6823829999998452,0.47806245799984026,57.48345162500004,0.7610619469026548,0.7032967032967034
251,FHEDecisionTreeClassifier,4,3,0.6190818749998925,0.5095524170001227,53.25105458400003,0.7876106194690266,0.7446808510638298
252,FHEDecisionTreeClassifier,4,4,0.5811171670000022,1.1885147909999887,145.01120258299989,0.7876106194690266,0.76
253,FHEDecisionTreeClassifier,4,5,0.583373292000033,0.9428292499999316,177.39587391600026,0.831858407079646,0.8155339805825242
254,FHEDecisionTreeClassifier,4,6,0.48321566599997823,0.9348787909998464,190.87019970899973,0.7964601769911505,0.7578947368421053
255,FHEDecisionTreeClassifier,4,7,0.577079500000309,1.0512975410001673,207.0163737920002,0.8053097345132744,0.7708333333333334
256,FHEDecisionTreeClassifier,4,8,0.48252112499994837,1.1463139579996096,232.54659420899998,0.7964601769911505,0.7578947368421053
257,FHEDecisionTreeClassifier,4,9,0.692537583000103,0.9608745000000454,252.0253359999997,0.7964601769911505,0.7578947368421053
258,FHEDecisionTreeClassifier,4,10,0.5121746670001812,1.1660308330001499,294.07198237500006,0.7964601769911505,0.7578947368421053
259,FHEDecisionTreeClassifier,4,11,0.4948675830000866,1.1742035839997698,312.0469989590001,0.7964601769911505,0.7578947368421053
260,FHEDecisionTreeClassifier,5,2,0.6672521659997983,0.5806419580003421,62.25893283400001,0.8053097345132744,0.7708333333333334
261,FHEDecisionTreeClassifier,5,3,0.6920279589999154,0.6603206249997129,61.936747584000386,0.831858407079646,0.8080808080808081
262,FHEDecisionTreeClassifier,5,4,0.5728880840001693,1.0020922500002598,153.9286671660002,0.8230088495575221,0.803921568627451
263,FHEDecisionTreeClassifier,5,5,0.42621237499997733,1.0750254580002547,186.25807808299987,0.8849557522123894,0.8828828828828829
264,FHEDecisionTreeClassifier,5,6,0.5866698330000872,1.074105249999775,186.8845083340002,0.8672566371681416,0.8543689320388349
265,FHEDecisionTreeClassifier,5,7,0.5988004999999248,0.9754499159998886,205.42605345799984,0.8495575221238938,0.8316831683168316
266,FHEDecisionTreeClassifier,5,8,0.8009668340000644,1.0736769999994067,226.9193749169999,0.8495575221238938,0.8316831683168316
267,FHEDecisionTreeClassifier,5,9,0.6157626249996611,1.1256511250003314,243.3508409999995,0.8495575221238938,0.8316831683168316
268,FHEDecisionTreeClassifier,5,10,0.6995849159993668,1.1871762079999826,286.3119390419997,0.8495575221238938,0.8316831683168316
269,FHEDecisionTreeClassifier,5,11,0.7162124579999727,1.0808196250000037,301.1012816250004,0.8495575221238938,0.8316831683168316
270,FHEDecisionTreeClassifier,6,2,0.6673554580002019,0.588414124999872,62.9917610829998,0.8407079646017699,0.82
271,FHEDecisionTreeClassifier,6,3,0.4983774590000394,0.7009492910001427,59.02126091700029,0.8407079646017699,0.8235294117647058
272,FHEDecisionTreeClassifier,6,4,0.668820792000588,0.9474146249995101,158.26604679200045,0.8761061946902655,0.8679245283018868
273,FHEDecisionTreeClassifier,6,5,0.4598026250005205,0.9893582909999168,183.9717899160005,0.9292035398230089,0.9285714285714286
274,FHEDecisionTreeClassifier,6,6,0.3977616249994753,0.8791115409994745,181.5141649999996,0.8849557522123894,0.8761904761904762
275,FHEDecisionTreeClassifier,6,7,0.6668350829995688,0.8559359580003729,201.21636908299934,0.8849557522123894,0.8785046728971962
276,FHEDecisionTreeClassifier,6,8,0.6952400000000125,0.9649719999997615,221.3930349580005,0.8849557522123894,0.8785046728971962
277,FHEDecisionTreeClassifier,6,9,0.7456612079995466,1.0229554580000695,238.73626704199978,0.8761061946902655,0.8653846153846154
278,FHEDecisionTreeClassifier,6,10,0.7847466249995705,0.9438358750003317,283.57636962499964,0.8849557522123894,0.8785046728971962
279,FHEDecisionTreeClassifier,6,11,0.5654890409996369,1.1898222500003612,307.7430909579998,0.8849557522123894,0.8785046728971962
280,FHEDecisionTreeClassifier,7,2,0.6182902919999833,0.6845854160001181,64.19969175000006,0.8407079646017699,0.8392857142857143
281,FHEDecisionTreeClassifier,7,3,0.5370518330000777,0.6729998749997321,62.53795312500006,0.8672566371681416,0.8571428571428571
282,FHEDecisionTreeClassifier,7,4,0.8797478750002483,0.978972290999991,159.8909160000003,0.8938053097345132,0.8867924528301887
283,FHEDecisionTreeClassifier,7,5,0.842178041999432,0.9924281249996056,192.43818379100048,0.9469026548672567,0.9473684210526315
284,FHEDecisionTreeClassifier,7,6,0.8821102909996625,1.119518665999749,196.83779725000113,0.911504424778761,0.9074074074074074
285,FHEDecisionTreeClassifier,7,7,0.5739427910011727,1.1674422920004872,208.50418808299946,0.911504424778761,0.9074074074074074
286,FHEDecisionTreeClassifier,7,8,0.7307012919991394,1.1202534170006402,231.69721183299953,0.8938053097345132,0.8888888888888888
287,FHEDecisionTreeClassifier,7,9,0.5225179170010961,0.9628376250002475,253.5518100419995,0.911504424778761,0.9074074074074074
288,FHEDecisionTreeClassifier,7,10,0.6162935000011203,1.0717772499992861,297.56729783300034,0.8938053097345132,0.8888888888888888
289,FHEDecisionTreeClassifier,7,11,0.812984583000798,1.1272855410006741,316.4817169580001,0.911504424778761,0.9074074074074074
290,FHEDecisionTreeClassifier,8,2,0.9227751250000438,0.6790515410011722,65.73338033300024,0.8584070796460177,0.8571428571428571
291,FHEDecisionTreeClassifier,8,3,0.49006883400033985,0.6457281670009252,65.94808425000156,0.8761061946902655,0.8653846153846154
292,FHEDecisionTreeClassifier,8,4,0.5395910000006552,1.0110889580009825,167.29405770800076,0.9203539823008849,0.9174311926605505
293,FHEDecisionTreeClassifier,8,5,0.9103707499998563,1.0507883330010372,201.2568884170014,0.9646017699115044,0.9655172413793104
294,FHEDecisionTreeClassifier,8,6,0.5533418329996493,1.0157338749995688,224.9999774579992,0.9026548672566371,0.897196261682243
295,FHEDecisionTreeClassifier,8,7,0.6949307079994469,1.1426586249999673,221.35125558300024,0.911504424778761,0.9074074074074074
296,FHEDecisionTreeClassifier,8,8,0.5994005419997848,1.0291279169996415,247.23933000000034,0.9380530973451328,0.9369369369369369
297,FHEDecisionTreeClassifier,8,9,0.7908137909998914,1.2256177919989568,264.203627208999,0.911504424778761,0.9074074074074074
298,FHEDecisionTreeClassifier,8,10,0.8386693749998813,1.212030833999961,310.4962533750004,0.911504424778761,0.9074074074074074
299,FHEDecisionTreeClassifier,8,11,0.9020385830008308,1.2018662079990463,336.1440663329995,0.9380530973451328,0.9369369369369369
300,FHEDecisionTreeClassifier,9,2,0.9617471250003291,0.8139257079983508,66.39284570900054,0.8938053097345132,0.8867924528301887
301,FHEDecisionTreeClassifier,9,3,0.6240579589994013,0.6004330830000981,65.25887104200046,0.911504424778761,0.9074074074074074
302,FHEDecisionTreeClassifier,9,4,0.8814326249994338,0.9863510000013775,171.94351958400148,0.9203539823008849,0.9174311926605505
303,FHEDecisionTreeClassifier,9,5,1.019550375000108,1.007307874999242,193.22840050000013,0.9823008849557522,0.9827586206896551
304,FHEDecisionTreeClassifier,9,6,0.5327215000015713,1.2407927499989455,200.1812162920014,0.9292035398230089,0.9272727272727272
305,FHEDecisionTreeClassifier,9,7,0.782094333000714,1.1604227919997356,212.00662641599956,0.9380530973451328,0.9369369369369369
306,FHEDecisionTreeClassifier,9,8,0.9881726670009812,0.9058437080002477,242.3147392080009,0.9380530973451328,0.9380530973451328
307,FHEDecisionTreeClassifier,9,9,0.6410914170010074,1.2009991249997256,254.88072033400022,0.9380530973451328,0.9369369369369369
308,FHEDecisionTreeClassifier,9,10,0.8399435409992293,1.0890871669998887,305.8438058749998,0.9380530973451328,0.9380530973451328
309,FHEDecisionTreeClassifier,9,11,0.8037286670005415,1.1632355000001553,330.6754210829986,0.9380530973451328,0.9380530973451328
310,FHEDecisionTreeClassifier,10,2,0.6296563750001951,0.5196292090004135,65.93478620800124,0.9203539823008849,0.9174311926605505
311,FHEDecisionTreeClassifier,10,3,0.4440240410003753,0.7442144579999876,66.01007466599913,0.911504424778761,0.9074074074074074
312,FHEDecisionTreeClassifier,10,4,0.8925293749998673,1.0070551250009885,191.82109308300096,0.9380530973451328,0.9369369369369369
313,FHEDecisionTreeClassifier,10,5,0.39547495800070465,1.0102454999996553,190.68584874999942,0.9911504424778761,0.9914529914529915
314,FHEDecisionTreeClassifier,10,6,0.8161517919998005,1.0255569170003582,200.65566437500092,0.9292035398230089,0.9272727272727272
315,FHEDecisionTreeClassifier,10,7,0.8517746249999618,1.0405050829995162,214.39213808299974,0.9380530973451328,0.9380530973451328
316,FHEDecisionTreeClassifier,10,8,0.9158343329982017,1.1491312920006749,243.35932370799856,0.9380530973451328,0.9380530973451328
317,FHEDecisionTreeClassifier,10,9,0.7810019999997166,1.2307044999997743,261.1952540830007,0.9380530973451328,0.9380530973451328
318,FHEDecisionTreeClassifier,10,10,0.6236232499995822,0.9905583330000809,299.3908110000011,0.9380530973451328,0.9380530973451328
319,FHEDecisionTreeClassifier,10,11,0.5369417080000858,0.9925995409994357,336.7528555000008,0.9557522123893806,0.9557522123893806
320,FHEDecisionTreeClassifier,11,2,0.906658249999964,0.5592257499993138,68.9523426249998,0.9557522123893806,0.9557522123893806
321,FHEDecisionTreeClassifier,11,3,0.8433430000004591,0.5977889160003542,67.30366808299914,0.9469026548672567,0.9464285714285714
322,FHEDecisionTreeClassifier,11,4,0.9049571670002479,0.8898070409995853,189.91925674999948,0.9469026548672567,0.9464285714285714
323,FHEDecisionTreeClassifier,11,5,0.8300082079986169,0.9266771669990703,195.19439641700046,0.9911504424778761,0.9914529914529915
324,FHEDecisionTreeClassifier,11,6,0.673409458999231,1.0491967090001708,229.23153433400148,0.9469026548672567,0.9473684210526315
325,FHEDecisionTreeClassifier,11,7,0.8922089579973544,0.9594490419985959,248.7803024169989,0.9557522123893806,0.9557522123893806
326,FHEDecisionTreeClassifier,11,8,0.9031750000031025,0.8589095839997754,339.63571070800026,0.9646017699115044,0.9649122807017544
327,FHEDecisionTreeClassifier,11,9,0.785310291001224,1.0275769589970878,311.61163383299936,0.9557522123893806,0.9557522123893806
328,FHEDecisionTreeClassifier,11,10,0.9280694589979248,0.9535629580022942,368.64061045799826,0.9557522123893806,0.9557522123893806
329,FHEDecisionTreeClassifier,11,11,1.1858509999983653,1.18041204200199,421.5481917500001,0.9557522123893806,0.9557522123893806
330,FHEDecisionTreeClassifier,12,2,0.8229235830003745,0.6868491669993091,77.4014008339982,0.9557522123893806,0.9557522123893806
331,FHEDecisionTreeClassifier,12,3,0.6374855000030948,0.6511083330005931,68.04413083300096,0.9469026548672567,0.9464285714285714
332,FHEDecisionTreeClassifier,12,4,1.079596458002925,0.9734954169980483,194.16314491699814,0.9557522123893806,0.9557522123893806
333,FHEDecisionTreeClassifier,12,5,0.6569672080004239,0.999654916999134,307.8783857080016,0.9911504424778761,0.9914529914529915
334,FHEDecisionTreeClassifier,12,6,1.1123042079998413,0.8372015829991142,234.81358787499994,0.9557522123893806,0.9572649572649573
335,FHEDecisionTreeClassifier,12,7,0.880758125000284,0.9561763749989041,319.9533659999979,0.9557522123893806,0.9557522123893806
336,FHEDecisionTreeClassifier,12,8,0.6752528750002966,1.0981767090015637,343.71932512499916,0.9646017699115044,0.9649122807017544
337,FHEDecisionTreeClassifier,12,9,0.5504083749983693,1.1833567909998237,317.580078084,0.9646017699115044,0.9661016949152542
338,FHEDecisionTreeClassifier,12,10,0.8266987920032989,1.1210861660001683,370.7946797090008,0.9646017699115044,0.9661016949152542
339,FHEDecisionTreeClassifier,12,11,0.8127412499998172,0.9734845419989142,418.7292196249982,0.9646017699115044,0.9661016949152542
340,FHEDecisionTreeClassifier,13,2,0.9151921669981675,0.8805040830011421,170.06397004099927,0.9646017699115044,0.9649122807017544
341,FHEDecisionTreeClassifier,13,3,0.6663075420001405,0.5825241669990646,79.13486554100018,0.9557522123893806,0.9565217391304348
342,FHEDecisionTreeClassifier,13,4,0.6553996250004275,0.999452083997312,194.9642220420028,0.9646017699115044,0.9649122807017544
343,FHEDecisionTreeClassifier,13,5,0.755889500000194,1.008357792001334,309.8403526660004,1.0,1.0
344,FHEDecisionTreeClassifier,13,6,0.8430426250015444,1.0318570000017644,307.20094212500044,0.9911504424778761,0.9914529914529915
345,FHEDecisionTreeClassifier,13,7,0.39042870800039964,1.200997500000085,250.78446966699994,0.9823008849557522,0.9827586206896551
346,FHEDecisionTreeClassifier,13,8,0.9754699590012024,0.9774494580015016,353.74776504200054,0.9646017699115044,0.9649122807017544
347,FHEDecisionTreeClassifier,13,9,0.6890307079993363,0.9422458330009249,321.75341295900216,0.9911504424778761,0.9914529914529915
348,FHEDecisionTreeClassifier,13,10,0.87316804099828,1.0808196250000037,380.3172647499996,0.9911504424778761,0.9914529914529915
349,FHEDecisionTreeClassifier,13,11,0.9085866250024992,1.2335039169993252,432.8703524170014,0.9911504424778761,0.9914529914529915
350,FHEDecisionTreeClassifier,14,2,0.7503624579985626,0.8831552090014156,175.60838791700007,0.9646017699115044,0.9649122807017544
351,FHEDecisionTreeClassifier,14,3,0.8464391249981418,0.6412740830019175,80.81671529099913,0.9646017699115044,0.9649122807017544
352,FHEDecisionTreeClassifier,14,4,0.7550279580027563,0.8664629580016481,198.72626104199662,0.9734513274336283,0.9739130434782609
353,FHEDecisionTreeClassifier,14,5,0.9567776249969029,0.9939422499992361,312.4988212090029,1.0,1.0
354,FHEDecisionTreeClassifier,14,6,0.8592710410011932,1.0811042079985782,313.99897929200233,0.9911504424778761,0.9914529914529915
355,FHEDecisionTreeClassifier,14,7,0.4861595000002126,1.0392360420009936,326.7795117090027,0.9823008849557522,0.9827586206896551
356,FHEDecisionTreeClassifier,14,8,1.0514079579988902,1.0016780420010036,356.69817633399725,0.9734513274336283,0.9747899159663865
357,FHEDecisionTreeClassifier,14,9,1.1044695830023556,1.0104919580007845,324.33955320800305,0.9911504424778761,0.9914529914529915
358,FHEDecisionTreeClassifier,14,10,0.4910209590016166,0.980810000000929,386.745951541001,0.9911504424778761,0.9914529914529915
359,FHEDecisionTreeClassifier,14,11,0.9346785829984583,1.1427522500016494,434.8386293330004,0.9911504424778761,0.9914529914529915
360,FHERandomForestClassifier,3,2,0.7799620000005234,0.7622879999980796,65.5464578329993,0.6991150442477876,0.5952380952380952
361,FHERandomForestClassifier,3,3,1.5734998330008239,0.542895332997432,68.3886649169981,0.7079646017699115,0.6373626373626373
362,FHERandomForestClassifier,3,4,0.4213451249997888,1.181005707996519,172.06893308299914,0.7787610619469026,0.7422680412371134
363,FHERandomForestClassifier,3,5,1.5832436250020692,0.9671599170033005,207.26853200000187,0.7256637168141593,0.6593406593406593
364,FHERandomForestClassifier,3,6,1.3722237090005365,1.0034022920008283,237.546850540999,0.7787610619469026,0.7422680412371134
365,FHERandomForestClassifier,3,7,0.6632974999993166,1.0781353340025817,258.27356449999934,0.7610619469026548,0.7216494845360825
366,FHERandomForestClassifier,3,8,0.8708632080015377,1.1631133750015579,277.10776783300025,0.7168141592920354,0.6444444444444445
367,FHERandomForestClassifier,3,9,1.220557500000723,1.2782060829995316,305.11921150000126,0.7522123893805309,0.7142857142857143
368,FHERandomForestClassifier,3,10,1.3521771250016172,1.0672216249986377,365.683423333001,0.7345132743362832,0.6938775510204082
369,FHERandomForestClassifier,3,11,1.6028817080004956,1.1001560830009112,399.97547304199907,0.7433628318584071,0.7010309278350515
370,FHERandomForestClassifier,4,2,0.4985164589998021,0.5849415410011716,86.7808058749979,0.7345132743362832,0.6666666666666666
371,FHERandomForestClassifier,4,3,1.345155541999702,0.7859150419972138,91.293572417002,0.7345132743362832,0.6875
372,FHERandomForestClassifier,4,4,1.8406526250000752,1.0838780410012987,220.19874658400295,0.7522123893805309,0.7142857142857143
373,FHERandomForestClassifier,4,5,0.6514639579982031,1.1706350000022212,256.59542316700026,0.7522123893805309,0.6888888888888889
374,FHERandomForestClassifier,4,6,1.6081117079993419,1.119368374998885,277.27887399999963,0.8495575221238938,0.8349514563106796
375,FHERandomForestClassifier,4,7,0.6269379999976081,1.117210166001314,318.99282966699684,0.7876106194690266,0.7647058823529411
376,FHERandomForestClassifier,4,8,1.462883125001099,1.2089672910005902,350.62405179100097,0.8230088495575221,0.8
377,FHERandomForestClassifier,4,9,0.5769668749999255,1.2046972080024716,372.9034243339993,0.8407079646017699,0.8235294117647058
378,FHERandomForestClassifier,4,10,0.5059200830000918,1.2947512920000008,505.9099119170023,0.7787610619469026,0.7474747474747475
379,FHERandomForestClassifier,4,11,1.3108631249997416,1.2204495840014715,558.3652089169991,0.7964601769911505,0.7628865979381443
380,FHERandomForestClassifier,5,2,1.1737416670002858,0.6389409160001378,105.23958620800113,0.7876106194690266,0.76
381,FHERandomForestClassifier,5,3,0.9530903340018995,0.7314108339996892,106.52261279199956,0.8141592920353983,0.7920792079207921
382,FHERandomForestClassifier,5,4,0.5326778329981607,1.1560830830021587,255.62398600000233,0.7699115044247787,0.7291666666666666
383,FHERandomForestClassifier,5,5,2.781639750002796,0.9209510420005245,316.27398937499675,0.8761061946902655,0.8679245283018868
384,FHERandomForestClassifier,5,6,0.6135002920054831,1.1672186250070808,351.45920558299986,0.831858407079646,0.8155339805825242
385,FHERandomForestClassifier,5,7,1.3867306249958347,1.13178570799937,371.41533637500106,0.8584070796460177,0.8431372549019608
386,FHERandomForestClassifier,5,8,0.7599407920060912,1.1992737079999642,423.19568175000313,0.8407079646017699,0.8235294117647058
387,FHERandomForestClassifier,5,9,0.7069511669978965,1.3324943749976228,465.0621439999959,0.8584070796460177,0.8461538461538461
388,FHERandomForestClassifier,5,10,0.9247137910060701,1.164686416996119,623.6589865419955,0.8141592920353983,0.7878787878787878
389,FHERandomForestClassifier,5,11,0.5513607079992653,1.2542844579947996,723.3120926249976,0.8230088495575221,0.803921568627451
390,FHERandomForestClassifier,6,2,0.9531514999980573,0.7564883749946603,117.35897504199966,0.831858407079646,0.8080808080808081
391,FHERandomForestClassifier,6,3,2.6808072080020793,0.9654995420060004,141.73152654199657,0.8672566371681416,0.8571428571428571
392,FHERandomForestClassifier,6,4,0.9903208329997142,1.2350206670016632,336.0766722920016,0.8938053097345132,0.8867924528301887
393,FHERandomForestClassifier,6,5,0.8695182090013986,1.202914666995639,384.3777780829987,0.8584070796460177,0.8490566037735849
394,FHERandomForestClassifier,6,6,1.567097040999215,1.104728124999383,423.5901476250001,0.8584070796460177,0.8431372549019608
395,FHERandomForestClassifier,6,7,0.5938665000066976,1.2290467920029187,478.88142329199763,0.8761061946902655,0.8703703703703703
396,FHERandomForestClassifier,6,8,1.4683934999993653,1.2722621249995427,506.84096433300147,0.8672566371681416,0.8543689320388349
397,FHERandomForestClassifier,6,9,0.881380500002706,1.168962832998659,587.8849942500019,0.9026548672566371,0.8990825688073395
398,FHERandomForestClassifier,6,10,0.9112597499988624,1.2079765419985051,819.1333790420031,0.8672566371681416,0.8543689320388349
399,FHERandomForestClassifier,6,11,2.214694041002076,1.3007034589973046,924.3142195420005,0.8230088495575221,0.7959183673469388
400,FHERandomForestClassifier,7,2,0.8002450830026646,0.8319374589991639,148.69095925000147,0.8584070796460177,0.8431372549019608
401,FHERandomForestClassifier,7,3,1.0448986670016893,0.9045735420004348,168.01079433400446,0.8761061946902655,0.8653846153846154
402,FHERandomForestClassifier,7,4,1.8885921249966486,1.3095220839968533,398.1305305420028,0.8495575221238938,0.8349514563106796
403,FHERandomForestClassifier,7,5,1.526336333998188,1.1923517089962843,402.0430993339978,0.8761061946902655,0.8679245283018868
404,FHERandomForestClassifier,7,6,2.0939594590017805,1.0930562079956871,479.1596425000025,0.9203539823008849,0.918918918918919
405,FHERandomForestClassifier,7,7,1.7752077499972074,1.3207017500026268,550.8957701250038,0.9026548672566371,0.8990825688073395
406,FHERandomForestClassifier,7,8,0.9174331660033204,1.280057999996643,556.387347459,0.8849557522123894,0.8785046728971962
407,FHERandomForestClassifier,7,9,1.393507957996917,1.296428374997049,657.2860357910031,0.8938053097345132,0.8867924528301887
408,FHERandomForestClassifier,7,10,0.7545305000021472,1.1996724159980658,905.6636573749929,0.9026548672566371,0.9009009009009009
409,FHERandomForestClassifier,7,11,1.3205225419951603,1.3154269169972395,1033.2442026670033,0.9026548672566371,0.897196261682243
410,FHERandomForestClassifier,8,2,0.932307374998345,0.7262235829985002,153.1655663749989,0.831858407079646,0.8080808080808081
411,FHERandomForestClassifier,8,3,0.8715308749960968,1.2774415829990176,387.761754207997,0.8849557522123894,0.8761904761904762
412,FHERandomForestClassifier,8,4,0.6416259170000558,1.0352689579958678,660.6809447080013,0.911504424778761,0.9090909090909091
413,FHERandomForestClassifier,8,5,1.425205667001137,1.201952874995186,697.0238400410017,0.9026548672566371,0.897196261682243
414,FHERandomForestClassifier,8,6,1.7015298330006772,1.124572957996861,827.7497515419964,0.8672566371681416,0.8571428571428571
415,FHERandomForestClassifier,8,7,0.9581581250022282,1.3034551669989014,618.4129947499969,0.911504424778761,0.9074074074074074
416,FHERandomForestClassifier,8,8,0.5900175829956424,1.3281735829950776,670.7449479170027,0.8849557522123894,0.8761904761904762
417,FHERandomForestClassifier,8,9,1.8435674169959384,1.212345624997397,1039.866983333006,0.9026548672566371,0.8990825688073395
418,FHERandomForestClassifier,8,10,0.8634705000004033,1.5161761249983101,1026.456233124998,0.8672566371681416,0.8543689320388349
419,FHERandomForestClassifier,8,11,1.0117250000039348,1.3675560410047183,1566.0018304170007,0.8938053097345132,0.8909090909090909
420,FHERandomForestClassifier,9,2,1.6305053749965737,1.7015817079955013,455.7033467079964,0.8407079646017699,0.82
421,FHERandomForestClassifier,9,3,2.7656350420002127,1.6096563329992932,413.87292191600136,0.9469026548672567,0.9464285714285714
422,FHERandomForestClassifier,9,4,1.4304627500023344,1.1388487500007614,613.4100711669962,0.9026548672566371,0.897196261682243
423,FHERandomForestClassifier,9,5,1.462479000001622,1.245173250004882,790.5161361670034,0.8938053097345132,0.8867924528301887
424,FHERandomForestClassifier,9,6,1.3397206660010852,1.3892964580008993,925.565101250002,0.9557522123893806,0.9557522123893806
425,FHERandomForestClassifier,9,7,0.4389019579975866,1.357406124996487,943.129413415998,0.9646017699115044,0.9655172413793104
426,FHERandomForestClassifier,9,8,1.7678387920022942,1.3209627499963972,1043.8595792920023,0.9026548672566371,0.8990825688073395
427,FHERandomForestClassifier,9,9,1.5078729589949944,1.4206682500007446,1187.236305665996,0.9292035398230089,0.9285714285714286
428,FHERandomForestClassifier,9,10,1.8325122079986613,1.2186162080033682,1667.042533208005,0.9646017699115044,0.9649122807017544
429,FHERandomForestClassifier,9,11,1.5520540840007016,1.2900843329989584,1866.0949580000015,0.9734513274336283,0.9739130434782609
430,FHERandomForestClassifier,10,2,1.473808334005298,1.3961740000013378,528.8304812909992,0.8938053097345132,0.8867924528301887
431,FHERandomForestClassifier,10,3,1.523485208999773,1.1011657079943689,492.3787736669983,0.9380530973451328,0.9369369369369369
432,FHERandomForestClassifier,10,4,0.6328139580000425,1.2281814999951166,682.1789161249981,0.8849557522123894,0.8807339449541285
433,FHERandomForestClassifier,10,5,0.5049612500006333,1.2915277080028318,845.2263788329947,0.8849557522123894,0.8761904761904762
434,FHERandomForestClassifier,10,6,1.2119357499905163,1.356161957999575,943.6303670000052,0.9469026548672567,0.9482758620689655
435,FHERandomForestClassifier,10,7,1.0881748749961844,1.2238642079901183,1066.066729667,0.9203539823008849,0.918918918918919
436,FHERandomForestClassifier,10,8,0.7229225409973878,1.2969414580002194,1105.0844887499989,0.9734513274336283,0.9739130434782609
437,FHERandomForestClassifier,10,9,2.298037500004284,1.4642919170000823,1210.1903907090018,0.9646017699115044,0.9649122807017544
438,FHERandomForestClassifier,10,10,0.5717067920049885,1.3355674170015845,1850.2303312500007,0.9469026548672567,0.9464285714285714
439,FHERandomForestClassifier,10,11,0.5590511659975164,1.3126407920062775,2100.9248505419964,0.9469026548672567,0.9464285714285714
440,FHERandomForestClassifier,11,2,1.831084124991321,1.532960374999675,532.8360100420105,0.9469026548672567,0.9464285714285714
441,FHERandomForestClassifier,11,3,1.9465593329950934,1.3399432079895632,591.0486589159991,0.9646017699115044,0.9649122807017544
442,FHERandomForestClassifier,11,4,1.543874249997316,1.3455112090014154,830.0927525000006,0.9646017699115044,0.9649122807017544
443,FHERandomForestClassifier,11,5,1.1932517090026522,1.2577659159869654,933.2101829169987,0.9380530973451328,0.9369369369369369
444,FHERandomForestClassifier,11,6,0.8483625000080792,1.4310889170010341,1014.9181326249964,0.9823008849557522,0.9830508474576272
445,FHERandomForestClassifier,11,7,1.107314041000791,1.330277708999347,1089.5336813329923,0.9911504424778761,0.9914529914529915
446,FHERandomForestClassifier,11,8,1.281240208001691,1.3543096670036903,1164.3637507090025,0.9646017699115044,0.9649122807017544
447,FHERandomForestClassifier,11,9,1.4136064580088714,1.3467266670049867,1264.0943840420077,0.9823008849557522,0.9827586206896551
448,FHERandomForestClassifier,11,10,1.312080417003017,1.5932015830039745,2068.3705576250068,0.9292035398230089,0.9298245614035088
449,FHERandomForestClassifier,11,11,0.6169944160064915,1.3999215829971945,2407.287964957999,0.9823008849557522,0.9830508474576272
450,FHERandomForestClassifier,12,2,1.9270098749984754,1.7596065830002772,592.0588835829985,0.911504424778761,0.9090909090909091
451,FHERandomForestClassifier,12,3,0.6340300840092823,1.4559012909885496,570.7382512499898,0.9557522123893806,0.9557522123893806
452,FHERandomForestClassifier,12,4,2.006350708004902,1.3683376659901114,904.2570050000068,0.9646017699115044,0.9649122807017544
453,FHERandomForestClassifier,12,5,3.402114625001559,1.563036125007784,1016.470907875002,0.9734513274336283,0.9739130434782609
454,FHERandomForestClassifier,12,6,2.6208484999951907,1.2373075000068638,974.2171617919957,0.9557522123893806,0.9572649572649573
455,FHERandomForestClassifier,12,7,1.4610817089997,1.3606756670051254,1148.3331719999987,0.9734513274336283,0.9739130434782609
456,FHERandomForestClassifier,12,8,1.749759541999083,1.467922333991737,1273.9154369999887,0.9557522123893806,0.9557522123893806
457,FHERandomForestClassifier,12,9,0.6444255420065019,1.6639991249976447,1420.9106104579987,0.9911504424778761,0.9915966386554622
458,FHERandomForestClassifier,12,10,2.3408312919927994,1.5613266669970471,2267.734165709,0.9823008849557522,0.9827586206896551
459,FHERandomForestClassifier,12,11,0.6181447089911671,1.505274292008835,2251.608463124998,0.9557522123893806,0.9565217391304348
460,FHERandomForestClassifier,13,2,1.5818257499922765,1.323487917004968,668.8597374589881,0.9734513274336283,0.9743589743589743
461,FHERandomForestClassifier,13,3,2.6131161249941215,1.4125378750031814,618.0741278339992,0.9911504424778761,0.9914529914529915
462,FHERandomForestClassifier,13,4,3.1699580419954145,1.2365330409957096,882.2966406249907,0.9734513274336283,0.9739130434782609
463,FHERandomForestClassifier,13,5,0.9658257499977481,1.2662933340034215,1067.1649187500007,0.9734513274336283,0.9739130434782609
464,FHERandomForestClassifier,13,6,1.3558143330010353,1.3803386249928735,1095.758813583001,0.9646017699115044,0.9655172413793104
465,FHERandomForestClassifier,13,7,2.440711999995983,1.4480020000046352,1183.4492069169937,0.9911504424778761,0.9914529914529915
466,FHERandomForestClassifier,13,8,1.2595308749878313,1.6395289170031901,1285.3022433330043,0.9557522123893806,0.9557522123893806
467,FHERandomForestClassifier,13,9,1.4187316250026925,1.2988145409908611,1364.1027648750023,0.9823008849557522,0.9827586206896551
468,FHERandomForestClassifier,13,10,3.044832250001491,1.285718333994737,2235.540164417005,0.9911504424778761,0.9914529914529915
469,FHERandomForestClassifier,13,11,2.123436166002648,1.3695859580038814,2223.4939932499983,0.9911504424778761,0.9914529914529915
470,FHERandomForestClassifier,14,2,0.8701122500060592,1.6392745830089552,698.365458291999,0.9469026548672567,0.9464285714285714
471,FHERandomForestClassifier,14,3,2.207985083005042,1.520709958000225,685.7488447920041,1.0,1.0
472,FHERandomForestClassifier,14,4,2.943676165989018,1.2493769159918884,926.9058302079939,0.9823008849557522,0.9827586206896551
473,FHERandomForestClassifier,14,5,0.6489963339990936,1.323725167007069,1118.3941220419947,0.9911504424778761,0.9914529914529915
474,FHERandomForestClassifier,14,6,1.6791128750046482,1.3403335000039078,1114.3752269999968,0.9646017699115044,0.9661016949152542
475,FHERandomForestClassifier,14,7,1.05516349998652,1.3357572079985403,1197.39358566601,0.9734513274336283,0.9743589743589743
476,FHERandomForestClassifier,14,8,2.8868065840069903,1.3351256250025472,1356.6522639169998,0.9646017699115044,0.9661016949152542
477,FHERandomForestClassifier,14,9,1.7153441670088796,1.284591667004861,1458.8333652500005,0.9734513274336283,0.9739130434782609
478,FHERandomForestClassifier,14,10,1.1578496669972083,1.7682429999986198,2332.1582612499915,0.9911504424778761,0.9914529914529915
479,FHERandomForestClassifier,14,11,0.7176289589988301,1.4726700000028359,2395.791290082998,0.9911504424778761,0.9914529914529915
