dataset,n_bits,rounding_threshold,p_error,image_idx,inference_time,prediction,real_tag
organamnist,5,5,0.008,0,105.62065601348877,9,4
organamnist,5,5,0.008,1,103.37821578979492,0,0
organamnist,5,5,0.008,2,103.23474502563477,8,8
organamnist,5,5,0.008,3,103.15148448944092,6,6
organamnist,5,5,0.008,4,103.4870240688324,5,5
organamnist,5,5,0.008,5,102.90467977523804,0,0
organamnist,5,5,0.008,6,103.54756474494934,8,8
organamnist,5,5,0.008,7,104.06312966346741,7,7
organamnist,5,5,0.008,8,103.10243511199951,0,0
organamnist,5,5,0.008,9,103.33218097686768,6,6
organamnist,5,5,0.008,10,103.02554106712341,4,4
organamnist,5,5,0.008,11,103.2079210281372,7,7
organamnist,5,5,0.008,12,103.37279462814331,4,4
organamnist,5,5,0.008,13,103.27617025375366,4,4
organamnist,5,5,0.008,14,104.06577396392822,7,7
organamnist,5,5,0.008,15,103.55659937858582,8,8
organamnist,5,5,0.008,16,102.82486629486084,9,0
organamnist,5,5,0.008,17,103.14167642593384,8,8
organamnist,5,5,0.008,18,103.23863172531128,5,5
organamnist,5,5,0.008,19,103.31319499015808,10,10
organamnist,5,5,0.008,20,103.26750373840332,6,6
organamnist,5,5,0.008,21,103.67277240753174,10,10
organamnist,5,5,0.008,22,103.39005851745605,5,5
organamnist,5,5,0.008,23,103.54190421104431,5,4
organamnist,5,5,0.008,24,103.24593997001648,6,5
organamnist,5,5,0.008,25,103.32876682281494,6,0
organamnist,5,5,0.008,26,103.29305720329285,2,2
organamnist,5,5,0.008,27,103.21857833862305,5,5
organamnist,5,5,0.008,28,103.09050583839417,4,4
organamnist,5,5,0.008,29,103.64483428001404,5,5
organamnist,5,5,0.008,30,102.93066048622131,7,7
organamnist,5,5,0.008,31,103.09740281105042,4,4
organamnist,5,5,0.008,32,103.59989428520203,6,10
organamnist,5,5,0.008,33,103.83906173706055,7,7
organamnist,5,5,0.008,34,103.63895201683044,9,9
organamnist,5,5,0.008,35,103.00464105606079,5,5
organamnist,5,5,0.008,36,102.83722639083862,6,6
organamnist,5,5,0.008,37,103.45397329330444,6,10
organamnist,5,5,0.008,38,103.18696093559265,6,6
organamnist,5,5,0.008,39,103.85567164421082,7,7
organamnist,5,5,0.008,40,104.75920176506042,4,4
organamnist,5,5,0.008,41,103.13748216629028,3,10
organamnist,5,5,0.008,42,103.2191367149353,6,6
organamnist,5,5,0.008,43,103.89482927322388,6,6
organamnist,5,5,0.008,44,103.07251358032227,10,4
organamnist,5,5,0.008,45,103.43058252334595,2,2
organamnist,5,5,0.008,46,103.79482078552246,7,7
organamnist,5,5,0.008,47,103.98333954811096,5,1
organamnist,5,5,0.008,48,103.7601420879364,5,5
organamnist,5,5,0.008,49,103.41636276245117,6,6
organamnist,5,5,0.008,50,102.93875288963318,10,4
organamnist,5,5,0.008,51,103.15187406539917,8,8
organamnist,5,5,0.008,52,103.44453644752502,5,5
organamnist,5,5,0.008,53,103.68566274642944,9,5
organamnist,5,5,0.008,54,103.21574783325195,9,10
organamnist,5,5,0.008,55,102.98530578613281,9,9
organamnist,5,5,0.008,56,103.15160417556763,8,8
organamnist,5,5,0.008,57,103.97332763671875,10,10
organamnist,5,5,0.008,58,103.93897223472595,6,6
organamnist,5,5,0.008,59,102.91680431365967,10,10
organamnist,5,5,0.008,60,103.07124376296997,4,4
organamnist,5,5,0.008,61,103.16653823852539,7,7
organamnist,5,5,0.008,62,103.0665831565857,9,9
organamnist,5,5,0.008,63,103.65443181991577,10,10
organamnist,5,5,0.008,64,103.8525903224945,10,5
organamnist,5,5,0.008,65,102.96568131446838,8,6
organamnist,5,5,0.008,66,102.99587416648865,6,6
organamnist,5,5,0.008,67,103.0896909236908,7,7
organamnist,5,5,0.008,68,103.04355502128601,5,5
organamnist,5,5,0.008,69,103.47862434387207,5,1
organamnist,5,5,0.008,70,103.09988164901733,6,6
organamnist,5,5,0.008,71,103.08262252807617,9,9
organamnist,5,5,0.008,72,103.57300996780396,10,10
organamnist,5,5,0.008,73,102.79124140739441,5,5
organamnist,5,5,0.008,74,102.6705551147461,6,6
organamnist,5,5,0.008,75,103.01762890815735,5,5
organamnist,5,5,0.008,76,103.15522980690002,5,4
organamnist,5,5,0.008,77,103.08663010597229,4,4
organamnist,5,5,0.008,78,103.07277297973633,4,4
organamnist,5,5,0.008,79,103.7239773273468,5,5
organamnist,5,5,0.008,80,102.9976737499237,6,6
organamnist,5,5,0.008,81,103.80424976348877,3,3
organamnist,5,5,0.008,82,103.40441298484802,6,6
organamnist,5,5,0.008,83,103.30296635627747,7,7
organamnist,5,5,0.008,84,103.15428113937378,4,4
organamnist,5,5,0.008,85,103.19669961929321,8,8
organamnist,5,5,0.008,86,103.04409575462341,10,5
organamnist,5,5,0.008,87,103.96324229240417,6,6
organamnist,5,5,0.008,88,103.62057709693909,9,9
organamnist,5,5,0.008,89,102.92453861236572,10,10
organamnist,5,5,0.008,90,103.25963640213013,6,6
organamnist,5,5,0.008,91,103.59902358055115,7,7
organamnist,5,5,0.008,92,103.21215772628784,10,10
organamnist,5,5,0.008,93,103.34855437278748,4,4
organamnist,5,5,0.008,94,102.9695246219635,10,10
organamnist,5,5,0.008,95,102.58673071861267,6,6
organamnist,5,5,0.008,96,103.47719359397888,7,10
organamnist,5,5,0.008,97,103.43897652626038,6,6
organamnist,5,5,0.008,98,102.9478371143341,9,10
organamnist,5,5,0.008,99,102.94432234764099,4,4
organamnist,5,6,0.008,0,158.29632592201233,9,4
organamnist,5,6,0.008,1,154.95620274543762,9,0
organamnist,5,6,0.008,2,155.7479603290558,8,8
organamnist,5,6,0.008,3,154.59492564201355,6,6
organamnist,5,6,0.008,4,155.0923993587494,5,5
organamnist,5,6,0.008,5,154.34404492378235,0,0
organamnist,5,6,0.008,6,154.60050988197327,8,8
organamnist,5,6,0.008,7,154.87195754051208,7,7
organamnist,5,6,0.008,8,154.52429127693176,9,0
organamnist,5,6,0.008,9,154.30060195922852,6,6
organamnist,5,6,0.008,10,154.82815265655518,4,4
organamnist,5,6,0.008,11,154.97351241111755,7,7
organamnist,5,6,0.008,12,155.07390332221985,4,4
organamnist,5,6,0.008,13,154.99266028404236,10,4
organamnist,5,6,0.008,14,155.19377756118774,7,7
organamnist,5,6,0.008,15,155.0366759300232,8,8
organamnist,5,6,0.008,16,154.89068365097046,9,0
organamnist,5,6,0.008,17,154.48279452323914,8,8
organamnist,5,6,0.008,18,155.4164261817932,5,5
organamnist,5,6,0.008,19,155.21995043754578,10,10
organamnist,5,6,0.008,20,155.04422044754028,6,6
organamnist,5,6,0.008,21,154.6481921672821,10,10
organamnist,5,6,0.008,22,155.33275985717773,5,5
organamnist,5,6,0.008,23,154.62991333007812,5,4
organamnist,5,6,0.008,24,154.69927048683167,3,5
organamnist,5,6,0.008,25,154.90527415275574,0,0
organamnist,5,6,0.008,26,154.97582364082336,2,2
organamnist,5,6,0.008,27,155.12635278701782,5,5
organamnist,5,6,0.008,28,154.59266638755798,9,4
organamnist,5,6,0.008,29,155.40974807739258,5,5
organamnist,5,6,0.008,30,155.126318693161,7,7
organamnist,5,6,0.008,31,155.13995504379272,10,4
organamnist,5,6,0.008,32,154.9743013381958,10,10
organamnist,5,6,0.008,33,154.59173035621643,7,7
organamnist,5,6,0.008,34,154.8388590812683,9,9
organamnist,5,6,0.008,35,154.8212583065033,5,5
organamnist,5,6,0.008,36,154.52706861495972,6,6
organamnist,5,6,0.008,37,155.6456573009491,10,10
organamnist,5,6,0.008,38,155.19662952423096,6,6
organamnist,5,6,0.008,39,154.81824779510498,7,7
organamnist,5,6,0.008,40,154.62422585487366,9,4
organamnist,5,6,0.008,41,154.80278205871582,4,10
organamnist,5,6,0.008,42,155.13541316986084,6,6
organamnist,5,6,0.008,43,155.0553195476532,6,6
organamnist,5,6,0.008,44,155.54080843925476,5,4
organamnist,5,6,0.008,45,154.97304916381836,2,2
organamnist,5,6,0.008,46,155.71624636650085,7,7
organamnist,5,6,0.008,47,155.67904472351074,5,1
organamnist,5,6,0.008,48,154.95992732048035,5,5
organamnist,5,6,0.008,49,155.52896928787231,6,6
organamnist,5,6,0.008,50,154.8696985244751,5,4
organamnist,5,6,0.008,51,155.67033338546753,8,8
organamnist,5,6,0.008,52,155.1423943042755,5,5
organamnist,5,6,0.008,53,155.34824872016907,5,5
organamnist,5,6,0.008,54,155.06564474105835,10,10
organamnist,5,6,0.008,55,154.69205570220947,9,9
organamnist,5,6,0.008,56,154.97701597213745,8,8
organamnist,5,6,0.008,57,154.97144770622253,10,10
organamnist,5,6,0.008,58,154.76164484024048,6,6
organamnist,5,6,0.008,59,155.93341279029846,10,10
organamnist,5,6,0.008,60,155.06415843963623,4,4
organamnist,5,6,0.008,61,155.22815203666687,7,7
organamnist,5,6,0.008,62,154.8248631954193,9,9
organamnist,5,6,0.008,63,154.98584699630737,10,10
organamnist,5,6,0.008,64,154.72497463226318,5,5
organamnist,5,6,0.008,65,154.218031167984,6,6
organamnist,5,6,0.008,66,155.23364543914795,6,6
organamnist,5,6,0.008,67,155.17271089553833,7,7
organamnist,5,6,0.008,68,155.08119988441467,6,5
organamnist,5,6,0.008,69,154.5851709842682,5,1
organamnist,5,6,0.008,70,154.5813705921173,6,6
organamnist,5,6,0.008,71,155.82444381713867,9,9
organamnist,5,6,0.008,72,155.3169240951538,4,10
organamnist,5,6,0.008,73,154.93086552619934,10,5
organamnist,5,6,0.008,74,155.96563625335693,6,6
organamnist,5,6,0.008,75,156.0652153491974,5,5
organamnist,5,6,0.008,76,154.70963668823242,0,4
organamnist,5,6,0.008,77,154.9770324230194,4,4
organamnist,5,6,0.008,78,155.41027641296387,4,4
organamnist,5,6,0.008,79,154.78593134880066,5,5
organamnist,5,6,0.008,80,155.21493935585022,6,6
organamnist,5,6,0.008,81,154.60222482681274,3,3
organamnist,5,6,0.008,82,155.33467197418213,6,6
organamnist,5,6,0.008,83,154.73310446739197,7,7
organamnist,5,6,0.008,84,154.9593207836151,4,4
organamnist,5,6,0.008,85,155.27235102653503,8,8
organamnist,5,6,0.008,86,155.50014114379883,6,5
organamnist,5,6,0.008,87,154.97139430046082,6,6
organamnist,5,6,0.008,88,154.5265691280365,9,9
organamnist,5,6,0.008,89,155.34496688842773,10,10
organamnist,5,6,0.008,90,155.03597855567932,6,6
organamnist,5,6,0.008,91,154.97708988189697,7,7
organamnist,5,6,0.008,92,155.50444269180298,10,10
organamnist,5,6,0.008,93,154.7632932662964,4,4
organamnist,5,6,0.008,94,155.02569127082825,10,10
organamnist,5,6,0.008,95,154.9538164138794,6,6
organamnist,5,6,0.008,96,155.01685643196106,7,10
organamnist,5,6,0.008,97,154.85416102409363,6,6
organamnist,5,6,0.008,98,154.82110404968262,9,10
organamnist,5,6,0.008,99,154.83394384384155,5,4
organamnist,6,5,0.008,0,136.81775665283203,9,4
organamnist,6,5,0.008,1,136.48989033699036,0,0
organamnist,6,5,0.008,2,135.69652652740479,8,8
organamnist,6,5,0.008,3,135.7825312614441,6,6
organamnist,6,5,0.008,4,136.4188370704651,5,5
organamnist,6,5,0.008,5,136.19496870040894,0,0
organamnist,6,5,0.008,6,136.05050444602966,8,8
organamnist,6,5,0.008,7,136.40474367141724,7,7
organamnist,6,5,0.008,8,135.93784523010254,10,0
organamnist,6,5,0.008,9,136.21748423576355,6,6
organamnist,6,5,0.008,10,136.41426157951355,6,4
organamnist,6,5,0.008,11,136.27964735031128,7,7
organamnist,6,5,0.008,12,136.57092308998108,4,4
organamnist,6,5,0.008,13,136.4702603816986,10,4
organamnist,6,5,0.008,14,135.57110571861267,7,7
organamnist,6,5,0.008,15,136.02027654647827,8,8
organamnist,6,5,0.008,16,136.50931644439697,0,0
organamnist,6,5,0.008,17,136.27563953399658,8,8
organamnist,6,5,0.008,18,136.40327215194702,4,5
organamnist,6,5,0.008,19,136.33343124389648,10,10
organamnist,6,5,0.008,20,136.45609068870544,6,6
organamnist,6,5,0.008,21,135.74190711975098,10,10
organamnist,6,5,0.008,22,136.19848465919495,5,5
organamnist,6,5,0.008,23,136.07903409004211,6,4
organamnist,6,5,0.008,24,136.56970238685608,6,5
organamnist,6,5,0.008,25,136.18691062927246,0,0
organamnist,6,5,0.008,26,136.06678199768066,2,2
organamnist,6,5,0.008,27,136.75500559806824,8,5
organamnist,6,5,0.008,28,136.67710900306702,4,4
organamnist,6,5,0.008,29,135.9947407245636,5,5
organamnist,6,5,0.008,30,135.80555653572083,7,7
organamnist,6,5,0.008,31,136.20333695411682,6,4
organamnist,6,5,0.008,32,136.14421796798706,10,10
organamnist,6,5,0.008,33,136.77237915992737,7,7
organamnist,6,5,0.008,34,135.76396894454956,9,9
organamnist,6,5,0.008,35,136.0002121925354,6,5
organamnist,6,5,0.008,36,136.61962866783142,6,6
organamnist,6,5,0.008,37,136.1470184326172,10,10
organamnist,6,5,0.008,38,136.04335975646973,6,6
organamnist,6,5,0.008,39,136.534898519516,7,7
organamnist,6,5,0.008,40,136.646071434021,0,4
organamnist,6,5,0.008,41,136.6364278793335,4,10
organamnist,6,5,0.008,42,136.2617244720459,6,6
organamnist,6,5,0.008,43,136.56080532073975,6,6
organamnist,6,5,0.008,44,136.26983857154846,5,4
organamnist,6,5,0.008,45,136.24665665626526,2,2
organamnist,6,5,0.008,46,136.35374307632446,7,7
organamnist,6,5,0.008,47,136.40844082832336,1,1
organamnist,6,5,0.008,48,136.6384174823761,10,5
organamnist,6,5,0.008,49,136.98416876792908,6,6
organamnist,6,5,0.008,50,136.18391394615173,10,4
organamnist,6,5,0.008,51,136.2283697128296,8,8
organamnist,6,5,0.008,52,135.90969347953796,0,5
organamnist,6,5,0.008,53,135.9380166530609,10,5
organamnist,6,5,0.008,54,136.06179332733154,9,10
organamnist,6,5,0.008,55,136.33309864997864,9,9
organamnist,6,5,0.008,56,135.89824867248535,8,8
organamnist,6,5,0.008,57,136.1448848247528,10,10
organamnist,6,5,0.008,58,135.9331660270691,6,6
organamnist,6,5,0.008,59,137.00132155418396,10,10
organamnist,6,5,0.008,60,136.25554060935974,6,4
organamnist,6,5,0.008,61,136.4766502380371,8,7
organamnist,6,5,0.008,62,136.30877590179443,9,9
organamnist,6,5,0.008,63,136.71048021316528,9,10
organamnist,6,5,0.008,64,136.30289340019226,10,5
organamnist,6,5,0.008,65,136.95600032806396,8,6
organamnist,6,5,0.008,66,136.5421380996704,6,6
organamnist,6,5,0.008,67,136.25485825538635,7,7
organamnist,6,5,0.008,68,136.45042538642883,4,5
organamnist,6,5,0.008,69,136.07503151893616,5,1
organamnist,6,5,0.008,70,136.36434817314148,6,6
organamnist,6,5,0.008,71,136.81323289871216,9,9
organamnist,6,5,0.008,72,136.2301115989685,4,10
organamnist,6,5,0.008,73,136.18732285499573,0,5
organamnist,6,5,0.008,74,136.62496256828308,6,6
organamnist,6,5,0.008,75,136.13314747810364,5,5
organamnist,6,5,0.008,76,136.82679343223572,5,4
organamnist,6,5,0.008,77,135.92397952079773,10,4
organamnist,6,5,0.008,78,136.21662878990173,4,4
organamnist,6,5,0.008,79,135.94373869895935,5,5
organamnist,6,5,0.008,80,136.3739354610443,6,6
organamnist,6,5,0.008,81,136.20015907287598,3,3
organamnist,6,5,0.008,82,136.55955171585083,6,6
organamnist,6,5,0.008,83,135.92688941955566,7,7
organamnist,6,5,0.008,84,136.5014955997467,4,4
organamnist,6,5,0.008,85,136.56776022911072,8,8
organamnist,6,5,0.008,86,137.146555185318,6,5
organamnist,6,5,0.008,87,135.8847177028656,6,6
organamnist,6,5,0.008,88,136.41109323501587,9,9
organamnist,6,5,0.008,89,136.07626843452454,10,10
organamnist,6,5,0.008,90,136.38265562057495,6,6
organamnist,6,5,0.008,91,136.20971632003784,7,7
organamnist,6,5,0.008,92,136.58191013336182,10,10
organamnist,6,5,0.008,93,136.42934346199036,6,4
organamnist,6,5,0.008,94,136.72664070129395,9,10
organamnist,6,5,0.008,95,136.1061520576477,6,6
organamnist,6,5,0.008,96,136.75279903411865,7,10
organamnist,6,5,0.008,97,136.15311670303345,6,6
organamnist,6,5,0.008,98,136.42442321777344,9,10
organamnist,6,5,0.008,99,136.11387252807617,5,4
organamnist,6,6,0.008,0,193.70892119407654,9,4
organamnist,6,6,0.008,1,191.72654914855957,0,0
organamnist,6,6,0.008,2,191.829021692276,8,8
organamnist,6,6,0.008,3,190.7798309326172,6,6
organamnist,6,6,0.008,4,191.46617078781128,5,5
organamnist,6,6,0.008,5,192.29651355743408,0,0
organamnist,6,6,0.008,6,191.87212491035461,8,8
organamnist,6,6,0.008,7,191.50191807746887,7,7
organamnist,6,6,0.008,8,190.99595856666565,0,0
organamnist,6,6,0.008,9,191.5800483226776,6,6
organamnist,6,6,0.008,10,191.58447194099426,4,4
organamnist,6,6,0.008,11,191.474205493927,7,7
organamnist,6,6,0.008,12,191.87095308303833,4,4
organamnist,6,6,0.008,13,191.46716332435608,4,4
organamnist,6,6,0.008,14,192.11301946640015,7,7
organamnist,6,6,0.008,15,191.49547386169434,8,8
organamnist,6,6,0.008,16,191.30832743644714,0,0
organamnist,6,6,0.008,17,191.01658034324646,8,8
organamnist,6,6,0.008,18,190.9663531780243,5,5
organamnist,6,6,0.008,19,191.21458959579468,10,10
organamnist,6,6,0.008,20,191.60152626037598,6,6
organamnist,6,6,0.008,21,191.62820529937744,10,10
organamnist,6,6,0.008,22,191.57205510139465,5,5
organamnist,6,6,0.008,23,191.57094740867615,4,4
organamnist,6,6,0.008,24,191.03843331336975,4,5
organamnist,6,6,0.008,25,190.9596061706543,0,0
organamnist,6,6,0.008,26,192.00799083709717,2,2
organamnist,6,6,0.008,27,191.0009093284607,5,5
organamnist,6,6,0.008,28,191.04803848266602,4,4
organamnist,6,6,0.008,29,192.83094882965088,5,5
organamnist,6,6,0.008,30,192.52508735656738,7,7
organamnist,6,6,0.008,31,192.4454116821289,4,4
organamnist,6,6,0.008,32,190.68832635879517,10,10
organamnist,6,6,0.008,33,192.28405833244324,7,7
organamnist,6,6,0.008,34,191.82504773139954,9,9
organamnist,6,6,0.008,35,191.47804760932922,5,5
organamnist,6,6,0.008,36,191.6982831954956,6,6
organamnist,6,6,0.008,37,190.89264941215515,10,10
organamnist,6,6,0.008,38,191.88113737106323,6,6
organamnist,6,6,0.008,39,191.09302020072937,7,7
organamnist,6,6,0.008,40,191.51068902015686,0,4
organamnist,6,6,0.008,41,191.42804336547852,4,10
organamnist,6,6,0.008,42,191.5151343345642,6,6
organamnist,6,6,0.008,43,190.91388535499573,6,6
organamnist,6,6,0.008,44,192.04733204841614,4,4
organamnist,6,6,0.008,45,191.38796186447144,2,2
organamnist,6,6,0.008,46,192.77889156341553,7,7
organamnist,6,6,0.008,47,191.7778251171112,0,1
organamnist,6,6,0.008,48,191.379732131958,5,5
organamnist,6,6,0.008,49,192.0675926208496,6,6
organamnist,6,6,0.008,50,191.61100816726685,10,4
organamnist,6,6,0.008,51,191.6660192012787,8,8
organamnist,6,6,0.008,52,192.97343516349792,5,5
organamnist,6,6,0.008,53,192.27289819717407,5,5
organamnist,6,6,0.008,54,191.5573320388794,10,10
organamnist,6,6,0.008,55,191.83429050445557,9,9
organamnist,6,6,0.008,56,191.85535955429077,8,8
organamnist,6,6,0.008,57,191.38479566574097,10,10
organamnist,6,6,0.008,58,191.98111701011658,6,6
organamnist,6,6,0.008,59,191.51253700256348,10,10
organamnist,6,6,0.008,60,191.536714553833,4,4
organamnist,6,6,0.008,61,191.84411191940308,7,7
organamnist,6,6,0.008,62,191.90458989143372,9,9
organamnist,6,6,0.008,63,192.18317556381226,10,10
organamnist,6,6,0.008,64,191.84845900535583,5,5
organamnist,6,6,0.008,65,191.09425854682922,8,6
organamnist,6,6,0.008,66,192.01096844673157,6,6
organamnist,6,6,0.008,67,191.564959526062,7,7
organamnist,6,6,0.008,68,191.81722855567932,5,5
organamnist,6,6,0.008,69,191.80602049827576,1,1
organamnist,6,6,0.008,70,191.6893138885498,6,6
organamnist,6,6,0.008,71,192.28805994987488,9,9
organamnist,6,6,0.008,72,191.7059817314148,10,10
organamnist,6,6,0.008,73,191.79734683036804,5,5
organamnist,6,6,0.008,74,191.62058234214783,6,6
organamnist,6,6,0.008,75,191.45597290992737,5,5
organamnist,6,6,0.008,76,190.96263933181763,0,4
organamnist,6,6,0.008,77,191.31335711479187,4,4
organamnist,6,6,0.008,78,192.22165417671204,4,4
organamnist,6,6,0.008,79,191.66356420516968,5,5
organamnist,6,6,0.008,80,191.40852332115173,6,6
organamnist,6,6,0.008,81,191.00263452529907,3,3
organamnist,6,6,0.008,82,191.5222613811493,6,6
organamnist,6,6,0.008,83,191.9280776977539,7,7
organamnist,6,6,0.008,84,191.9595673084259,4,4
organamnist,6,6,0.008,85,191.95431756973267,8,8
organamnist,6,6,0.008,86,191.5970184803009,6,5
organamnist,6,6,0.008,87,191.43921875953674,6,6
organamnist,6,6,0.008,88,191.04941058158875,9,9
organamnist,6,6,0.008,89,190.86064100265503,10,10
organamnist,6,6,0.008,90,191.46111011505127,6,6
organamnist,6,6,0.008,91,191.84759521484375,7,7
organamnist,6,6,0.008,92,191.7427532672882,10,10
organamnist,6,6,0.008,93,191.3798680305481,4,4
organamnist,6,6,0.008,94,191.60054636001587,10,10
organamnist,6,6,0.008,95,191.78376293182373,6,6
organamnist,6,6,0.008,96,191.62733244895935,7,10
organamnist,6,6,0.008,97,191.66319012641907,6,6
organamnist,6,6,0.008,98,191.82204580307007,9,10
organamnist,6,6,0.008,99,191.23432779312134,4,4
organamnist,7,5,0.008,0,164.45242047309875,9,4
organamnist,7,5,0.008,1,163.4210503101349,9,0
organamnist,7,5,0.008,2,163.8801589012146,8,8
organamnist,7,5,0.008,3,163.54529905319214,6,6
organamnist,7,5,0.008,4,163.62652730941772,5,5
organamnist,7,5,0.008,5,163.21473360061646,2,0
organamnist,7,5,0.008,6,163.34761381149292,8,8
organamnist,7,5,0.008,7,163.71236872673035,7,7
organamnist,7,5,0.008,8,163.07154083251953,9,0
organamnist,7,5,0.008,9,163.02766394615173,6,6
organamnist,7,5,0.008,10,163.50196075439453,5,4
organamnist,7,5,0.008,11,163.7208957672119,7,7
organamnist,7,5,0.008,12,164.21477437019348,4,4
organamnist,7,5,0.008,13,163.24918127059937,4,4
organamnist,7,5,0.008,14,163.86601972579956,7,7
organamnist,7,5,0.008,15,163.3436586856842,8,8
organamnist,7,5,0.008,16,163.71462988853455,0,0
organamnist,7,5,0.008,17,163.9028913974762,8,8
organamnist,7,5,0.008,18,163.49930119514465,4,5
organamnist,7,5,0.008,19,164.11964869499207,0,10
organamnist,7,5,0.008,20,163.78935360908508,6,6
organamnist,7,5,0.008,21,163.29569220542908,4,10
organamnist,7,5,0.008,22,163.31965136528015,5,5
organamnist,7,5,0.008,23,162.81881046295166,6,4
organamnist,7,5,0.008,24,163.29223680496216,10,5
organamnist,7,5,0.008,25,163.13750290870667,0,0
organamnist,7,5,0.008,26,163.235182762146,2,2
organamnist,7,5,0.008,27,163.9461271762848,5,5
organamnist,7,5,0.008,28,163.13198447227478,4,4
organamnist,7,5,0.008,29,163.64116644859314,5,5
organamnist,7,5,0.008,30,163.4677028656006,7,7
organamnist,7,5,0.008,31,163.05008792877197,4,4
organamnist,7,5,0.008,32,163.30388259887695,10,10
organamnist,7,5,0.008,33,163.26756310462952,7,7
organamnist,7,5,0.008,34,163.73304677009583,9,9
organamnist,7,5,0.008,35,163.7656123638153,5,5
organamnist,7,5,0.008,36,163.5472755432129,6,6
organamnist,7,5,0.008,37,163.43137550354004,10,10
organamnist,7,5,0.008,38,163.40333199501038,6,6
organamnist,7,5,0.008,39,163.5553047657013,7,7
organamnist,7,5,0.008,40,163.70810532569885,6,4
organamnist,7,5,0.008,41,163.38595390319824,0,10
organamnist,7,5,0.008,42,163.53406476974487,6,6
organamnist,7,5,0.008,43,163.43178296089172,6,6
organamnist,7,5,0.008,44,163.22651481628418,4,4
organamnist,7,5,0.008,45,163.60549330711365,2,2
organamnist,7,5,0.008,46,163.97274351119995,7,7
organamnist,7,5,0.008,47,163.1760025024414,10,1
organamnist,7,5,0.008,48,164.02039885520935,9,5
organamnist,7,5,0.008,49,163.93790102005005,6,6
organamnist,7,5,0.008,50,163.85992217063904,10,4
organamnist,7,5,0.008,51,163.39475345611572,8,8
organamnist,7,5,0.008,52,164.41891312599182,5,5
organamnist,7,5,0.008,53,164.64571332931519,5,5
organamnist,7,5,0.008,54,163.534912109375,10,10
organamnist,7,5,0.008,55,163.76045155525208,9,9
organamnist,7,5,0.008,56,163.69599652290344,8,8
organamnist,7,5,0.008,57,163.37157678604126,10,10
organamnist,7,5,0.008,58,163.98169898986816,6,6
organamnist,7,5,0.008,59,163.94657826423645,10,10
organamnist,7,5,0.008,60,163.3702585697174,4,4
organamnist,7,5,0.008,61,162.99365997314453,7,7
organamnist,7,5,0.008,62,163.90364813804626,9,9
organamnist,7,5,0.008,63,164.0511498451233,10,10
organamnist,7,5,0.008,64,163.75364446640015,5,5
organamnist,7,5,0.008,65,163.38273763656616,8,6
organamnist,7,5,0.008,66,163.65487670898438,6,6
organamnist,7,5,0.008,67,163.81640696525574,7,7
organamnist,7,5,0.008,68,163.45618200302124,0,5
organamnist,7,5,0.008,69,163.32316136360168,1,1
organamnist,7,5,0.008,70,163.64345788955688,6,6
organamnist,7,5,0.008,71,163.55913424491882,9,9
organamnist,7,5,0.008,72,163.8865463733673,2,10
organamnist,7,5,0.008,73,163.97263026237488,4,5
organamnist,7,5,0.008,74,164.3451542854309,6,6
organamnist,7,5,0.008,75,163.42843222618103,5,5
organamnist,7,5,0.008,76,163.7780156135559,4,4
organamnist,7,5,0.008,77,164.22281289100647,10,4
organamnist,7,5,0.008,78,163.09964323043823,4,4
organamnist,7,5,0.008,79,163.24913454055786,5,5
organamnist,7,5,0.008,80,163.08610773086548,6,6
organamnist,7,5,0.008,81,163.13178539276123,3,3
organamnist,7,5,0.008,82,164.7517318725586,6,6
organamnist,7,5,0.008,83,163.4059407711029,7,7
organamnist,7,5,0.008,84,163.60865378379822,10,4
organamnist,7,5,0.008,85,163.45023846626282,8,8
organamnist,7,5,0.008,86,164.0038709640503,6,5
organamnist,7,5,0.008,87,163.6904010772705,6,6
organamnist,7,5,0.008,88,163.7625527381897,9,9
organamnist,7,5,0.008,89,163.9377908706665,10,10
organamnist,7,5,0.008,90,163.4064974784851,6,6
organamnist,7,5,0.008,91,163.38573288917542,7,7
organamnist,7,5,0.008,92,163.63403749465942,4,10
organamnist,7,5,0.008,93,163.6227195262909,4,4
organamnist,7,5,0.008,94,163.6955165863037,3,10
organamnist,7,5,0.008,95,163.75768208503723,6,6
organamnist,7,5,0.008,96,163.2549431324005,9,10
organamnist,7,5,0.008,97,162.91631174087524,6,6
organamnist,7,5,0.008,98,163.79938626289368,9,10
organamnist,7,5,0.008,99,163.6635708808899,4,4
organamnist,7,6,0.008,0,454.90545630455017,9,4
organamnist,7,6,0.008,1,447.996963262558,0,0
organamnist,7,6,0.008,2,446.1823422908783,8,8
organamnist,7,6,0.008,3,446.20593786239624,6,6
organamnist,7,6,0.008,4,446.77737045288086,5,5
organamnist,7,6,0.008,5,447.30479168891907,0,0
organamnist,7,6,0.008,6,446.6972658634186,8,8
organamnist,7,6,0.008,7,447.36118364334106,7,7
organamnist,7,6,0.008,8,445.3925688266754,0,0
organamnist,7,6,0.008,9,444.73607897758484,6,6
organamnist,7,6,0.008,10,446.0102517604828,0,4
organamnist,7,6,0.008,11,445.2892417907715,7,7
organamnist,7,6,0.008,12,448.20914912223816,4,4
organamnist,7,6,0.008,13,446.46185851097107,4,4
organamnist,7,6,0.008,14,446.6704959869385,7,7
organamnist,7,6,0.008,15,446.95368933677673,8,8
organamnist,7,6,0.008,16,447.40043568611145,0,0
organamnist,7,6,0.008,17,446.5115671157837,8,8
organamnist,7,6,0.008,18,447.48699164390564,5,5
organamnist,7,6,0.008,19,447.0644450187683,10,10
organamnist,7,6,0.008,20,447.6223864555359,6,6
organamnist,7,6,0.008,21,446.62448740005493,10,10
organamnist,7,6,0.008,22,446.5563747882843,5,5
organamnist,7,6,0.008,23,447.45252084732056,4,4
organamnist,7,6,0.008,24,446.8966431617737,4,5
organamnist,7,6,0.008,25,447.007276058197,0,0
organamnist,7,6,0.008,26,447.91053652763367,2,2
organamnist,7,6,0.008,27,448.60993552207947,5,5
organamnist,7,6,0.008,28,446.98186206817627,1,4
organamnist,7,6,0.008,29,447.0692386627197,5,5
organamnist,7,6,0.008,30,447.65690636634827,7,7
organamnist,7,6,0.008,31,446.48013257980347,4,4
organamnist,7,6,0.008,32,447.0266709327698,10,10
organamnist,7,6,0.008,33,447.1819534301758,7,7
organamnist,7,6,0.008,34,446.0638778209686,9,9
organamnist,7,6,0.008,35,447.4397165775299,9,5
organamnist,7,6,0.008,36,448.0027747154236,6,6
organamnist,7,6,0.008,37,444.9267227649689,10,10
organamnist,7,6,0.008,38,446.7144031524658,6,6
organamnist,7,6,0.008,39,449.35119700431824,7,7
organamnist,7,6,0.008,40,446.0657742023468,4,4
organamnist,7,6,0.008,41,447.4156565666199,4,10
organamnist,7,6,0.008,42,447.693332195282,6,6
organamnist,7,6,0.008,43,446.0098431110382,6,6
organamnist,7,6,0.008,44,447.07308983802795,4,4
organamnist,7,6,0.008,45,445.66331148147583,2,2
organamnist,7,6,0.008,46,445.8142685890198,7,7
organamnist,7,6,0.008,47,448.5919466018677,1,1
organamnist,7,6,0.008,48,445.59548830986023,5,5
organamnist,7,6,0.008,49,446.90037178993225,6,6
organamnist,7,6,0.008,50,446.6137526035309,10,4
organamnist,7,6,0.008,51,445.94500637054443,8,8
organamnist,7,6,0.008,52,445.845609664917,5,5
organamnist,7,6,0.008,53,445.9492874145508,5,5
organamnist,7,6,0.008,54,447.0541250705719,10,10
organamnist,7,6,0.008,55,445.69731426239014,9,9
organamnist,7,6,0.008,56,448.225786447525,8,8
organamnist,7,6,0.008,57,446.2377293109894,10,10
organamnist,7,6,0.008,58,446.69213700294495,6,6
organamnist,7,6,0.008,59,445.5728042125702,10,10
organamnist,7,6,0.008,60,446.70944571495056,4,4
organamnist,7,6,0.008,61,446.3293881416321,7,7
organamnist,7,6,0.008,62,445.20926213264465,9,9
organamnist,7,6,0.008,63,446.69023084640503,10,10
organamnist,7,6,0.008,64,446.64087319374084,5,5
organamnist,7,6,0.008,65,446.17282581329346,8,6
organamnist,7,6,0.008,66,444.9324960708618,6,6
organamnist,7,6,0.008,67,445.8101546764374,7,7
organamnist,7,6,0.008,68,447.6839437484741,6,5
organamnist,7,6,0.008,69,446.2883484363556,1,1
organamnist,7,6,0.008,70,447.10605549812317,6,6
organamnist,7,6,0.008,71,447.24578762054443,9,9
organamnist,7,6,0.008,72,447.3666536808014,4,10
organamnist,7,6,0.008,73,449.321581363678,10,5
organamnist,7,6,0.008,74,446.2967610359192,6,6
organamnist,7,6,0.008,75,447.1870176792145,5,5
organamnist,7,6,0.008,76,446.4938654899597,5,4
organamnist,7,6,0.008,77,447.26552152633667,4,4
organamnist,7,6,0.008,78,447.9898085594177,4,4
organamnist,7,6,0.008,79,448.2138340473175,5,5
organamnist,7,6,0.008,80,445.15527296066284,6,6
organamnist,7,6,0.008,81,449.3662419319153,3,3
organamnist,7,6,0.008,82,447.57949590682983,6,6
organamnist,7,6,0.008,83,446.17040848731995,7,7
organamnist,7,6,0.008,84,446.0381188392639,4,4
organamnist,7,6,0.008,85,447.33912897109985,8,8
organamnist,7,6,0.008,86,445.4518446922302,10,5
organamnist,7,6,0.008,87,446.446236371994,6,6
organamnist,7,6,0.008,88,445.98202443122864,9,9
organamnist,7,6,0.008,89,445.1929588317871,10,10
organamnist,7,6,0.008,90,445.7380588054657,6,6
organamnist,7,6,0.008,91,445.85683727264404,7,7
organamnist,7,6,0.008,92,446.28149342536926,10,10
organamnist,7,6,0.008,93,446.1044285297394,4,4
organamnist,7,6,0.008,94,445.514240026474,10,10
organamnist,7,6,0.008,95,446.48941016197205,6,6
organamnist,7,6,0.008,96,446.25629019737244,7,10
organamnist,7,6,0.008,97,445.9278793334961,6,6
organamnist,7,6,0.008,98,446.0913851261139,9,10
organamnist,7,6,0.008,99,448.9026005268097,4,4
organamnist,8,5,0.008,0,188.94753003120422,9,4
organamnist,8,5,0.008,1,185.34488582611084,0,0
organamnist,8,5,0.008,2,185.34447383880615,8,8
organamnist,8,5,0.008,3,185.0607397556305,6,6
organamnist,8,5,0.008,4,184.88046765327454,5,5
organamnist,8,5,0.008,5,185.53130078315735,0,0
organamnist,8,5,0.008,6,185.602441072464,8,8
organamnist,8,5,0.008,7,184.95168089866638,7,7
organamnist,8,5,0.008,8,185.26156544685364,0,0
organamnist,8,5,0.008,9,186.02441430091858,6,6
organamnist,8,5,0.008,10,185.35462427139282,4,4
organamnist,8,5,0.008,11,186.0302791595459,7,7
organamnist,8,5,0.008,12,185.72455143928528,4,4
organamnist,8,5,0.008,13,185.38215804100037,4,4
organamnist,8,5,0.008,14,185.64133071899414,7,7
organamnist,8,5,0.008,15,185.72164583206177,8,8
organamnist,8,5,0.008,16,185.31306147575378,0,0
organamnist,8,5,0.008,17,185.3059480190277,8,8
organamnist,8,5,0.008,18,185.360169172287,5,5
organamnist,8,5,0.008,19,184.77593851089478,10,10
organamnist,8,5,0.008,20,185.31813073158264,6,6
organamnist,8,5,0.008,21,185.18819499015808,4,10
organamnist,8,5,0.008,22,184.81423950195312,5,5
organamnist,8,5,0.008,23,185.74161911010742,6,4
organamnist,8,5,0.008,24,185.37376189231873,4,5
organamnist,8,5,0.008,25,185.93051600456238,0,0
organamnist,8,5,0.008,26,185.30704593658447,2,2
organamnist,8,5,0.008,27,185.15807342529297,5,5
organamnist,8,5,0.008,28,186.7194390296936,6,4
organamnist,8,5,0.008,29,185.54716897010803,5,5
organamnist,8,5,0.008,30,185.61998224258423,7,7
organamnist,8,5,0.008,31,185.66648292541504,10,4
organamnist,8,5,0.008,32,185.08760476112366,10,10
organamnist,8,5,0.008,33,185.22017788887024,7,7
organamnist,8,5,0.008,34,185.41710805892944,9,9
organamnist,8,5,0.008,35,185.78052735328674,4,5
organamnist,8,5,0.008,36,185.55609011650085,6,6
organamnist,8,5,0.008,37,186.0911364555359,10,10
organamnist,8,5,0.008,38,184.93257927894592,6,6
organamnist,8,5,0.008,39,184.92889714241028,7,7
organamnist,8,5,0.008,40,185.19675016403198,0,4
organamnist,8,5,0.008,41,185.21053838729858,4,10
organamnist,8,5,0.008,42,186.56304264068604,6,6
organamnist,8,5,0.008,43,185.37311458587646,6,6
organamnist,8,5,0.008,44,185.3585045337677,4,4
organamnist,8,5,0.008,45,184.8686397075653,2,2
organamnist,8,5,0.008,46,185.21015644073486,7,7
organamnist,8,5,0.008,47,185.0942723751068,1,1
organamnist,8,5,0.008,48,184.94852423667908,5,5
organamnist,8,5,0.008,49,185.5970869064331,6,6
organamnist,8,5,0.008,50,185.5128412246704,10,4
organamnist,8,5,0.008,51,186.21125650405884,8,8
organamnist,8,5,0.008,52,184.8021183013916,5,5
organamnist,8,5,0.008,53,184.84739565849304,5,5
organamnist,8,5,0.008,54,186.29885172843933,10,10
organamnist,8,5,0.008,55,185.68335485458374,9,9
organamnist,8,5,0.008,56,185.37891793251038,8,8
organamnist,8,5,0.008,57,185.7260868549347,10,10
organamnist,8,5,0.008,58,185.59414887428284,6,6
organamnist,8,5,0.008,59,185.6888370513916,10,10
organamnist,8,5,0.008,60,184.99939846992493,5,4
organamnist,8,5,0.008,61,185.60888719558716,7,7
organamnist,8,5,0.008,62,185.71921753883362,9,9
organamnist,8,5,0.008,63,185.32144927978516,10,10
organamnist,8,5,0.008,64,185.43552994728088,5,5
organamnist,8,5,0.008,65,185.47727274894714,6,6
organamnist,8,5,0.008,66,184.8309690952301,6,6
organamnist,8,5,0.008,67,186.0504446029663,7,7
organamnist,8,5,0.008,68,185.35219144821167,5,5
organamnist,8,5,0.008,69,185.9928741455078,1,1
organamnist,8,5,0.008,70,185.94376969337463,6,6
organamnist,8,5,0.008,71,184.77595329284668,9,9
organamnist,8,5,0.008,72,185.61640310287476,4,10
organamnist,8,5,0.008,73,184.89373350143433,6,5
organamnist,8,5,0.008,74,185.54230785369873,6,6
organamnist,8,5,0.008,75,184.9323046207428,0,5
organamnist,8,5,0.008,76,185.27838349342346,6,4
organamnist,8,5,0.008,77,185.30944538116455,4,4
organamnist,8,5,0.008,78,185.7042543888092,4,4
organamnist,8,5,0.008,79,185.16816425323486,5,5
organamnist,8,5,0.008,80,185.0309612751007,6,6
organamnist,8,5,0.008,81,185.3512828350067,3,3
organamnist,8,5,0.008,82,185.42384314537048,10,6
organamnist,8,5,0.008,83,186.01146268844604,7,7
organamnist,8,5,0.008,84,184.98455429077148,4,4
organamnist,8,5,0.008,85,184.87544012069702,8,8
organamnist,8,5,0.008,86,185.7603874206543,6,5
organamnist,8,5,0.008,87,185.90541172027588,6,6
organamnist,8,5,0.008,88,185.65872263908386,9,9
organamnist,8,5,0.008,89,185.43206453323364,10,10
organamnist,8,5,0.008,90,184.98951506614685,6,6
organamnist,8,5,0.008,91,185.05365085601807,7,7
organamnist,8,5,0.008,92,185.27224898338318,4,10
organamnist,8,5,0.008,93,185.55131554603577,4,4
organamnist,8,5,0.008,94,185.39177107810974,10,10
organamnist,8,5,0.008,95,185.30152225494385,6,6
organamnist,8,5,0.008,96,185.5230371952057,8,10
organamnist,8,5,0.008,97,185.6494345664978,6,6
organamnist,8,5,0.008,98,185.30046606063843,9,10
organamnist,8,5,0.008,99,185.48251748085022,5,4
organamnist,8,6,0.008,0,311.7465703487396,9,4
organamnist,8,6,0.008,1,308.9684135913849,0,0
organamnist,8,6,0.008,2,308.5208396911621,8,8
organamnist,8,6,0.008,3,308.9919512271881,6,6
organamnist,8,6,0.008,4,308.76073384284973,5,5
organamnist,8,6,0.008,5,309.1143400669098,0,0
organamnist,8,6,0.008,6,308.336740732193,8,8
organamnist,8,6,0.008,7,308.979749917984,7,7
organamnist,8,6,0.008,8,309.0245599746704,0,0
organamnist,8,6,0.008,9,309.46263217926025,6,6
organamnist,8,6,0.008,10,307.9201719760895,9,4
organamnist,8,6,0.008,11,308.24343156814575,7,7
organamnist,8,6,0.008,12,309.0133287906647,4,4
organamnist,8,6,0.008,13,309.4578068256378,4,4
organamnist,8,6,0.008,14,308.4711320400238,7,7
organamnist,8,6,0.008,15,308.0280132293701,8,8
organamnist,8,6,0.008,16,308.63587522506714,0,0
organamnist,8,6,0.008,17,308.4321639537811,8,8
organamnist,8,6,0.008,18,309.55447721481323,5,5
organamnist,8,6,0.008,19,308.9730830192566,10,10
organamnist,8,6,0.008,20,309.39048957824707,6,6
organamnist,8,6,0.008,21,308.5475218296051,10,10
organamnist,8,6,0.008,22,308.290803194046,5,5
organamnist,8,6,0.008,23,308.6110987663269,4,4
organamnist,8,6,0.008,24,308.4515664577484,4,5
organamnist,8,6,0.008,25,307.61055541038513,0,0
organamnist,8,6,0.008,26,308.83048367500305,2,2
organamnist,8,6,0.008,27,308.3429820537567,5,5
organamnist,8,6,0.008,28,308.5945715904236,2,4
organamnist,8,6,0.008,29,309.2088990211487,5,5
organamnist,8,6,0.008,30,309.6505494117737,7,7
organamnist,8,6,0.008,31,309.3294458389282,4,4
organamnist,8,6,0.008,32,308.5734782218933,10,10
organamnist,8,6,0.008,33,307.9166524410248,7,7
organamnist,8,6,0.008,34,308.40132308006287,9,9
organamnist,8,6,0.008,35,307.51657223701477,9,5
organamnist,8,6,0.008,36,308.1862299442291,6,6
organamnist,8,6,0.008,37,308.4954698085785,10,10
organamnist,8,6,0.008,38,309.40462136268616,6,6
organamnist,8,6,0.008,39,307.8915812969208,7,7
organamnist,8,6,0.008,40,308.48600339889526,1,4
organamnist,8,6,0.008,41,308.7407383918762,4,10
organamnist,8,6,0.008,42,308.71306347846985,6,6
organamnist,8,6,0.008,43,308.5655553340912,6,6
organamnist,8,6,0.008,44,308.38352823257446,4,4
organamnist,8,6,0.008,45,308.0716049671173,2,2
organamnist,8,6,0.008,46,309.8422565460205,7,7
organamnist,8,6,0.008,47,309.63698840141296,1,1
organamnist,8,6,0.008,48,308.9833917617798,5,5
organamnist,8,6,0.008,49,308.4749209880829,6,6
organamnist,8,6,0.008,50,308.7724666595459,10,4
organamnist,8,6,0.008,51,308.4445776939392,8,8
organamnist,8,6,0.008,52,308.2721800804138,5,5
organamnist,8,6,0.008,53,308.1410143375397,5,5
organamnist,8,6,0.008,54,308.3745584487915,10,10
organamnist,8,6,0.008,55,308.3440406322479,9,9
organamnist,8,6,0.008,56,308.0104351043701,8,8
organamnist,8,6,0.008,57,308.4856655597687,10,10
organamnist,8,6,0.008,58,308.54308247566223,6,6
organamnist,8,6,0.008,59,308.8500745296478,10,10
organamnist,8,6,0.008,60,310.0298354625702,4,4
organamnist,8,6,0.008,61,308.08467531204224,7,7
organamnist,8,6,0.008,62,308.0656259059906,9,9
organamnist,8,6,0.008,63,307.90354919433594,10,10
organamnist,8,6,0.008,64,308.0882363319397,5,5
organamnist,8,6,0.008,65,307.9604797363281,8,6
organamnist,8,6,0.008,66,307.6561999320984,6,6
organamnist,8,6,0.008,67,308.14898657798767,7,7
organamnist,8,6,0.008,68,308.08610367774963,6,5
organamnist,8,6,0.008,69,307.99139165878296,1,1
organamnist,8,6,0.008,70,307.8353135585785,6,6
organamnist,8,6,0.008,71,307.594913482666,9,9
organamnist,8,6,0.008,72,307.80168771743774,1,10
organamnist,8,6,0.008,73,307.94078755378723,4,5
organamnist,8,6,0.008,74,306.9010133743286,6,6
organamnist,8,6,0.008,75,307.7266571521759,5,5
organamnist,8,6,0.008,76,308.0536012649536,0,4
organamnist,8,6,0.008,77,307.1980776786804,4,4
organamnist,8,6,0.008,78,308.3731691837311,4,4
organamnist,8,6,0.008,79,308.43487668037415,5,5
organamnist,8,6,0.008,80,307.9036920070648,6,6
organamnist,8,6,0.008,81,308.2945439815521,3,3
organamnist,8,6,0.008,82,307.46681785583496,6,6
organamnist,8,6,0.008,83,308.16141080856323,7,7
organamnist,8,6,0.008,84,307.79640674591064,4,4
organamnist,8,6,0.008,85,307.24001240730286,8,8
organamnist,8,6,0.008,86,307.63556575775146,6,5
organamnist,8,6,0.008,87,307.59989190101624,6,6
organamnist,8,6,0.008,88,307.5817472934723,9,9
organamnist,8,6,0.008,89,307.5815181732178,10,10
organamnist,8,6,0.008,90,307.57889437675476,6,6
organamnist,8,6,0.008,91,307.8622088432312,7,7
organamnist,8,6,0.008,92,307.63526582717896,10,10
organamnist,8,6,0.008,93,308.537969827652,4,4
organamnist,8,6,0.008,94,308.55909180641174,10,10
organamnist,8,6,0.008,95,307.3918514251709,6,6
organamnist,8,6,0.008,96,307.77372002601624,9,10
organamnist,8,6,0.008,97,307.4988627433777,6,6
organamnist,8,6,0.008,98,307.8273711204529,9,10
organamnist,8,6,0.008,99,308.3216223716736,4,4
