y_true,y_pred
96.9000015258789,97.1883544921875
96.9000015258789,97.1883544921875
96.9000015258789,97.1883544921875
96.9000015258789,97.1883544921875
96.9000015258789,97.1883544921875
96.9000015258789,97.1883544921875
96.9000015258789,97.1883544921875
96.9000015258789,97.1883544921875
96.9000015258789,97.1883544921875
96.9000015258789,97.1883544921875
96.9000015258789,97.1883544921875
96.9000015258789,97.1883544921875
96.9000015258789,97.1883544921875
96.9000015258789,97.1883544921875
96.9000015258789,97.1883544921875
96.9000015258789,97.1883544921875
96.9000015258789,97.1883544921875
96.9000015258789,97.1883544921875
96.9000015258789,97.1883544921875
96.9000015258789,97.1883544921875
96.9000015258789,97.1883544921875
96.9000015258789,97.1883544921875
96.9000015258789,97.1883544921875
96.9000015258789,97.1883544921875
96.9000015258789,97.1883544921875
96.9000015258789,97.1883544921875
96.9000015258789,97.1883544921875
96.9000015258789,97.1883544921875
96.9000015258789,97.1883544921875
96.9000015258789,97.1883544921875
96.9000015258789,97.1883544921875
96.9000015258789,97.1883544921875
96.9000015258789,97.1883544921875
96.9000015258789,97.1883544921875
96.9000015258789,97.1883544921875
96.9000015258789,97.1883544921875
96.9000015258789,97.1883544921875
96.9000015258789,97.1883544921875
96.9000015258789,97.1883544921875
96.9000015258789,97.1883544921875
96.9000015258789,97.1883544921875
96.9000015258789,97.1883544921875
96.9000015258789,97.1883544921875
96.9000015258789,97.1883544921875
96.9000015258789,97.1883544921875
96.9000015258789,97.1883544921875
96.9000015258789,97.1883544921875
96.9000015258789,97.1883544921875
96.9000015258789,97.1883544921875
96.9000015258789,97.1883544921875
96.9000015258789,97.1883544921875
96.9000015258789,97.1883544921875
96.9000015258789,97.1883544921875
96.9000015258789,97.1883544921875
96.9000015258789,97.1883544921875
96.9000015258789,97.1883544921875
96.9000015258789,97.1883544921875
96.9000015258789,97.1883544921875
96.9000015258789,97.1883544921875
96.9000015258789,97.1883544921875
96.9000015258789,97.1883544921875
96.9000015258789,97.1883544921875
96.9000015258789,97.1883544921875
96.9000015258789,97.1883544921875
96.9000015258789,97.1883544921875
96.9000015258789,97.1883544921875
96.9000015258789,97.1883544921875
96.9000015258789,97.1883544921875
96.9000015258789,97.1883544921875
96.9000015258789,97.1883544921875
96.9000015258789,97.1883544921875
96.9000015258789,97.1883544921875
96.9000015258789,97.1883544921875
96.9000015258789,97.1883544921875
96.9000015258789,97.1883544921875
96.9000015258789,97.1883544921875
96.9000015258789,97.1883544921875
96.9000015258789,97.1883544921875
96.9000015258789,97.1883544921875
96.9000015258789,97.1883544921875
96.9000015258789,97.1883544921875
96.9000015258789,97.1883544921875
96.9000015258789,97.1883544921875
96.9000015258789,97.1883544921875
96.84756072979734,97.1883544921875
96.83011013384092,97.1883544921875
96.70600664182676,97.1883544921875
96.46275390357526,97.1883544921875
96.3018952632108,97.1883544921875
96.18811885703016,97.1883544921875
96.1037614998189,97.1883544921875
96.03900662685515,94.05324628276209
95.7922220599069,94.05324628276209
95.55078358679374,94.05324628276209
95.29868111711768,94.05324628276209
95.089490176375,94.05324628276209
94.91392483661674,94.05324628276209
94.72840961404616,94.05324628276209
94.5103119678569,94.05324628276209
94.17131274770098,94.05324628276209
93.87803129613413,94.05324628276209
93.62300111467428,94.05324628276209
93.4002451626003,94.05324628276209
93.20492233798171,94.05324628276209
93.03307032109991,94.05324628276209
92.88141544956254,94.05324628276209
92.7472300712688,90.91813807333669
92.59710459700376,90.91813807333669
92.43282739391223,90.91813807333669
92.2865623722689,90.91813807333669
92.15612093838668,90.91813807333669
92.03962105783869,90.91813807333669
91.9354367447892,90.91813807333669
91.84215725674142,90.91813807333669
91.83797248706132,90.91813807333669
91.83421829892596,90.91813807333669
91.86040183569528,90.91813807333669
91.85447104257678,90.91813807333669
91.86871898643372,90.91813807333669
91.79365791295976,90.91813807333669
91.69686620026664,90.91813807333669
91.53193300255016,90.91813807333669
91.41242531429988,90.91813807333669
91.30470160433744,90.91813807333669
91.17855982396854,90.91813807333669
90.83307466718448,90.91813807333669
90.3092329018291,90.91813807333669
89.70163068902748,90.91813807333669
89.12426661901196,87.78302986391128
88.48761767788295,87.78302986391128
87.89345196483377,87.78302986391128
87.35676334060908,87.78302986391128
86.75685665880823,87.78302986391128
85.74530196545084,87.78302986391128
84.83120570236255,84.64792165448588
84.00508135700052,84.64792165448588
83.25838345678567,84.64792165448588
82.27740486594196,81.51281344506047
80.76924528424595,81.51281344506047
79.04261645013369,81.51281344506047
76.99429241314878,78.37770523563508
75.45731405308888,75.24259702620967
74.38253847362698,75.24259702620967
73.15288678364035,75.24259702620967
72.04084342916991,72.10748881678427
70.78704495936468,72.10748881678427
69.92017985920508,68.97238060735887
69.13613356023619,68.97238060735887
68.61770542123271,68.97238060735887
68.14877874944989,68.97238060735887
67.72461597534263,68.97238060735887
67.34093493545177,65.83727239793346
66.99386473412982,65.83727239793346
66.679905948627,65.83727239793346
66.39589473835457,65.83727239793346
65.87212474615019,65.83727239793346
65.13147241670411,65.83727239793346
64.4614400505455,65.83727239793346
63.88387304526542,62.702164188508064
63.06599335907776,62.702164188508064
62.0878815652482,62.702164188508064
61.20299551406042,62.702164188508064
60.40244345197283,59.56705597908266
59.925876764813566,59.56705597908266
59.132719670937696,59.56705597908266
58.510402196585055,59.56705597908266
58.05216642956999,56.431947769657256
57.50423031040896,56.431947769657256
56.87514117818659,56.431947769657256
56.05832594123852,56.431947769657256
55.05262064305379,56.431947769657256
54.1712993208989,53.29683956023185
53.65015945101297,53.29683956023185
53.407260065326255,53.29683956023185
53.37799412296852,53.29683956023185
53.50391093727524,53.29683956023185
53.52258769133237,53.29683956023185
53.53948542887084,53.29683956023185
53.5547736304782,53.29683956023185
53.56860562658163,53.29683956023185
53.58112013721904,53.29683956023185
53.72578241380651,53.29683956023185
53.86619048131982,53.29683956023185
54.04084619236807,53.29683956023185
54.2179151293908,53.29683956023185
54.43526379138877,53.29683956023185
54.69858001654697,53.29683956023185
54.9844374123357,53.29683956023185
55.243068879076645,53.29683956023185
55.6294518302902,53.29683956023185
56.28380297661267,56.431947769657256
57.21869583426096,56.431947769657256
58.45503068121531,59.56705597908266
59.17360994437747,59.56705597908266
59.82375113589934,59.56705597908266
60.411972521357,59.56705597908266
60.60131071616836,62.702164188508064
60.59166197974819,59.56705597908266
60.62102791731991,59.56705597908266
60.8952179861475,59.56705597908266
61.03853176892118,59.56705597908266
61.13010078737504,59.56705597908266
61.27961598003633,59.56705597908266
61.51013008485986,59.56705597908266
61.699642448792495,59.56705597908266
61.34729396187844,62.702164188508064
60.7523110145724,59.56705597908266
60.21399354971663,59.56705597908266
59.66027817648768,59.56705597908266
59.15929793579387,59.56705597908266
58.80126872858527,59.56705597908266
58.46781366743303,59.56705597908266
58.27087873753554,56.431947769657256
58.07365186487462,56.431947769657256
57.90473225788595,56.431947769657256
57.78999573507606,56.431947769657256
57.5909482967146,56.431947769657256
57.35371465876273,56.431947769657256
56.96764604996832,56.431947769657256
56.44691727703063,56.431947769657256
55.97578182536196,56.431947769657256
55.68285010224008,56.431947769657256
55.19876859704653,56.431947769657256
54.69412373891879,53.29683956023185
54.17087357973859,53.29683956023185
53.88793313928768,53.29683956023185
53.927177551159566,53.29683956023185
53.943636694878975,53.29683956023185
53.92995693082584,53.29683956023185
53.94615137012454,53.29683956023185
54.01794657688163,53.29683956023185
54.04480874396087,53.29683956023185
53.97387448378475,53.29683956023185
53.94779126514822,53.29683956023185
54.10514437157241,53.29683956023185
54.51417847776406,53.29683956023185
55.12235222447862,53.29683956023185
55.80593777941915,53.29683956023185
56.25299139829987,56.431947769657256
56.705087523370295,56.431947769657256
57.21888863597896,56.431947769657256
57.66470896591006,56.431947769657256
57.934736713419575,56.431947769657256
57.91238090636647,56.431947769657256
58.18739220094837,56.431947769657256
58.34097383606294,56.431947769657256
58.36564285104649,56.431947769657256
58.48320053734688,56.431947769657256
58.59908628017456,56.431947769657256
58.73250664179461,59.56705597908266
58.691315458338025,59.56705597908266
58.37785697444259,59.56705597908266
57.87520376342447,56.431947769657256
57.43946998292167,56.431947769657256
56.91190154081871,56.431947769657256
56.32029192504563,56.431947769657256
55.99454997336076,56.431947769657256
55.56649758435551,56.431947769657256
55.09349765850763,56.431947769657256
54.64649801777613,53.29683956023185
54.19445072455063,53.29683956023185
53.79497922035192,53.29683956023185
53.66212419983796,53.29683956023185
53.8466836570362,53.29683956023185
53.97557100203807,53.29683956023185
54.00646892952631,53.29683956023185
54.24394808148212,53.29683956023185
54.6969054111743,53.29683956023185
55.37339054301504,53.29683956023185
56.04259159398362,53.29683956023185
56.54329708717276,56.431947769657256
56.739173410932864,56.431947769657256
56.98306158619442,56.431947769657256
57.42276986342841,56.431947769657256
57.79202980544085,56.431947769657256
58.08802711335789,56.431947769657256
58.45107229684399,56.431947769657256
58.5604938379028,56.431947769657256
58.70711332750986,59.56705597908266
58.65881689265672,59.56705597908266
58.66273916602669,59.56705597908266
58.47581169864731,59.56705597908266
58.24954377204342,56.431947769657256
57.99720612415957,56.431947769657256
57.94985315987534,56.431947769657256
57.84986728982084,56.431947769657256
57.83559428724132,56.431947769657256
57.93696640533136,56.431947769657256
57.74296974992976,56.431947769657256
57.29125834472024,56.431947769657256
56.81590033403437,56.431947769657256
56.34771949477696,56.431947769657256
56.00031771053367,56.431947769657256
55.69552547475937,56.431947769657256
55.429285098513176,56.431947769657256
55.08363882580319,56.431947769657256
54.92329241620655,53.29683956023185
54.92107423617434,53.29683956023185
55.09049581022119,53.29683956023185
55.29140104388768,53.29683956023185
55.454124754048046,53.29683956023185
55.591827303787895,56.431947769657256
55.74498668089188,56.431947769657256
55.96927351839784,56.431947769657256
56.41029494285127,56.431947769657256
56.9616954972572,56.431947769657256
57.374867282076174,56.431947769657256
57.62487992191995,56.431947769657256
57.98441531282718,56.431947769657256
58.58589985947373,56.431947769657256
59.37771906589539,59.56705597908266
60.27507944560116,59.56705597908266
61.21078601984008,62.702164188508064
61.93356859437424,62.702164188508064
62.492276637980616,62.702164188508064
62.9692026724942,62.702164188508064
63.26737370124067,62.702164188508064
63.32762397025751,62.702164188508064
63.19165992792824,62.702164188508064
62.96388271926279,62.702164188508064
62.881608029245584,62.702164188508064
62.7024072645482,62.702164188508064
62.74027309403273,62.702164188508064
62.917389796904224,62.702164188508064
62.90620974358544,62.702164188508064
62.73418962267937,62.702164188508064
62.64521910976108,62.702164188508064
62.488531575494605,62.702164188508064
62.43248109457768,62.702164188508064
62.32462567957406,62.702164188508064
62.11275642190835,62.702164188508064
61.89249383287192,62.702164188508064
61.95987522727752,62.702164188508064
62.05893472944278,62.702164188508064
62.262845416949766,62.702164188508064
62.3140029236275,62.702164188508064
62.61743121661812,62.702164188508064
63.07291410321814,62.702164188508064
63.25644609338921,62.702164188508064
63.61297503687836,62.702164188508064
63.98316789051125,62.702164188508064
64.28000889847573,62.702164188508064
64.50096028663353,62.702164188508064
64.64372597362146,62.702164188508064
64.82051397613442,62.702164188508064
65.01856040944416,65.83727239793346
65.22631627028277,65.83727239793346
65.4333339136735,65.83727239793346
65.65873097444404,65.83727239793346
65.89123264108052,65.83727239793346
66.0825439634427,65.83727239793346
66.3032542074847,65.83727239793346
66.51246809248654,65.83727239793346
66.70175684558338,65.83727239793346
66.87301809838522,65.83727239793346
67.04701608408611,65.83727239793346
67.0901574094113,65.83727239793346
67.13871370128848,65.83727239793346
67.13502653679635,65.83727239793346
67.11264320242324,65.83727239793346
67.01620084734677,65.83727239793346
66.7194199595877,65.83727239793346
66.29852274791816,65.83727239793346
65.84152058144947,65.83727239793346
65.25661393206724,65.83727239793346
64.31788894100121,65.83727239793346
63.10666127748828,62.702164188508064
61.82031243907183,62.702164188508064
60.5136158709808,62.702164188508064
59.32184293088699,59.56705597908266
58.28166755898114,59.56705597908266
57.35960383661326,56.431947769657256
56.49678435094136,56.431947769657256
55.954233387714496,56.431947769657256
55.53954434832456,56.431947769657256
55.36434972114499,56.431947769657256
56.10107817380951,53.29683956023185
57.0152609142318,56.431947769657256
57.78523591993565,56.431947769657256
58.481879972715305,59.56705597908266
59.11217697284926,59.56705597908266
59.69196935145818,59.56705597908266
60.27368684672486,59.56705597908266
60.81905000417967,62.702164188508064
61.36961652512651,62.702164188508064
61.896319858531534,62.702164188508064
62.39190829811152,62.702164188508064
62.80220245526685,62.702164188508064
63.22104002602643,62.702164188508064
63.63808368774975,62.702164188508064
63.97731352208237,62.702164188508064
64.00804585824193,62.702164188508064
63.94061284670084,62.702164188508064
63.80341162320551,62.702164188508064
63.77451527813832,62.702164188508064
63.73884730173266,62.702164188508064
63.45895700985912,62.702164188508064
63.405723154241954,62.702164188508064
63.19565435507029,62.702164188508064
63.00559210820069,62.702164188508064
62.83363102769962,62.702164188508064
62.67804719296055,62.702164188508064
62.53728086629187,62.702164188508064
62.40992085644879,62.702164188508064
62.29469037135266,62.702164188508064
62.190434218170445,62.702164188508064
62.06753586652364,62.702164188508064
61.794437285229904,62.702164188508064
61.70925292719648,62.702164188508064
61.63218136516623,62.702164188508064
61.56244995190077,59.56705597908266
61.50888328981499,59.56705597908266
61.46041821459451,59.56705597908266
61.4165688608236,59.56705597908266
61.37689563598325,59.56705597908266
61.34100081350866,59.56705597908266
61.30852454555545,59.56705597908266
61.19342682446646,59.56705597908266
61.10833848280875,59.56705597908266
60.67897276769564,59.56705597908266
59.97621338382563,59.56705597908266
59.21657401393748,59.56705597908266
58.53880491490734,59.56705597908266
58.020823349118174,59.56705597908266
57.51407834091068,56.431947769657256
57.23654692502596,56.431947769657256
57.061637839392894,56.431947769657256
56.90338676191537,56.431947769657256
56.92211168688735,56.431947769657256
57.15810119536274,56.431947769657256
57.39066284095877,56.431947769657256
57.62012345011132,56.431947769657256
57.980111838279655,56.431947769657256
58.48676778102069,56.431947769657256
59.04993289957861,56.431947769657256
59.58803423754657,59.56705597908266
60.0844122198524,59.56705597908266
60.54303977280731,62.702164188508064
60.99608389461212,59.56705597908266
61.49169466162451,59.56705597908266
61.96867612242218,59.56705597908266
62.43832616084663,62.702164188508064
62.91086667180208,62.702164188508064
63.3384033245713,62.702164188508064
63.72522220088631,62.702164188508064
64.07520118421894,62.702164188508064
64.3918488358056,62.702164188508064
64.69738689659755,62.702164188508064
64.8500170066128,62.702164188508064
64.759539341781,65.83727239793346
64.64910687819433,62.702164188508064
64.46347772436054,62.702164188508064
64.2574321541415,62.702164188508064
64.13767671088992,62.702164188508064
63.895993069292885,62.702164188508064
63.59161284964018,62.702164188508064
63.35431624244788,62.702164188508064
62.91104810154231,62.702164188508064
62.30047209187162,62.702164188508064
61.709950794943,62.702164188508064
61.23281269665695,62.702164188508064
60.934449437367824,59.56705597908266
60.5406922754338,59.56705597908266
60.051102680238095,59.56705597908266
59.60814066553721,59.56705597908266
59.10260338663468,59.56705597908266
58.61664115933613,59.56705597908266
58.17696104892317,59.56705597908266
57.77915523474,56.431947769657256
57.42875935277629,56.431947769657256
57.34982974528532,56.431947769657256
57.48794112545439,56.431947769657256
57.37480380275021,56.431947769657256
57.07244160848252,56.431947769657256
56.79887581366889,56.431947769657256
56.69422104693275,56.431947769657256
56.59953340083816,56.431947769657256
56.51386362580018,56.431947769657256
56.3315907542117,56.431947769657256
56.06191544428678,56.431947769657256
55.76078078539079,56.431947769657256
55.326420783252566,56.431947769657256
54.88580935274655,53.29683956023185
54.401446484585975,53.29683956023185
53.963213413393085,53.29683956023185
53.566716825170936,53.29683956023185
53.207981816779466,53.29683956023185
52.88341204728243,53.29683956023185
52.39927749392796,53.29683956023185
52.21839392307768,53.29683956023185
52.22616585774272,50.16173135080645
52.29034068327949,50.16173135080645
52.32935592896139,53.29683956023185
52.62179836676306,53.29683956023185
52.93400819144076,53.29683956023185
53.0831502684464,53.29683956023185
52.95142174411241,53.29683956023185
52.90842919705408,53.29683956023185
52.8409598223765,53.29683956023185
52.779916102430114,53.29683956023185
52.96278130819291,53.29683956023185
53.32823063475173,53.29683956023185
53.487446764775385,53.29683956023185
53.84102333602911,53.29683956023185
54.018068805258665,53.29683956023185
54.02587163086461,53.29683956023185
54.090074405347934,53.29683956023185
54.20530534170151,53.29683956023185
54.3381332590748,53.29683956023185
54.49640628202006,53.29683956023185
54.70627242306001,53.29683956023185
54.98186538030392,53.29683956023185
55.25978310845392,53.29683956023185
55.42551805050592,53.29683956023185
55.44213523370737,56.431947769657256
55.30478902097334,56.431947769657256
55.14242801651122,53.29683956023185
54.87172051370639,53.29683956023185
54.541080610103776,53.29683956023185
54.21335850191495,53.29683956023185
54.02161014582204,53.29683956023185
53.743361415183855,53.29683956023185
53.53923161127312,53.29683956023185
53.25930464583006,53.29683956023185
52.97746603547106,53.29683956023185
52.66532648570615,53.29683956023185
52.48767627154943,53.29683956023185
52.31742146120562,53.29683956023185
52.11576234708503,53.29683956023185
51.93330886288069,50.16173135080645
51.768231900981526,50.16173135080645
51.80935274497752,50.16173135080645
51.71322383946161,50.16173135080645
51.62625006780437,50.16173135080645
51.671368963644056,50.16173135080645
51.70266715758272,50.16173135080645
51.54050838067008,50.16173135080645
51.38426963259474,50.16173135080645
51.242910765288464,50.16173135080645
51.11501464724946,50.16173135080645
50.99929911188083,50.16173135080645
50.98031817142175,50.16173135080645
50.88695453604825,50.16173135080645
50.545339745668464,50.16173135080645
50.02673581504491,50.16173135080645
49.719427569522594,50.16173135080645
49.44138677595478,50.16173135080645
49.18982605796486,50.16173135080645
48.857461744152914,50.16173135080645
48.5186557910965,47.026623141381044
48.2121170716645,47.026623141381044
47.62048687436312,47.026623141381044
47.14234512195911,47.026623141381044
46.50021716042766,47.026623141381044
45.86210116772602,47.026623141381044
45.17999636727016,43.89151493195564
44.715234735821625,43.89151493195564
44.25664109677946,43.89151493195564
43.84172304240798,43.89151493195564
43.37108289797664,43.89151493195564
42.926217932735,43.89151493195564
42.466577984295576,43.89151493195564
42.09833231665991,43.89151493195564
41.765157664989545,40.75640672253024
41.46371393252589,40.75640672253024
41.190979126963526,40.75640672253024
40.84898096954996,40.75640672253024
40.56812578443843,40.75640672253024
40.371161424015725,40.75640672253024
40.38343176458565,40.75640672253024
40.39453350129178,40.75640672253024
40.30933983450209,40.75640672253024
40.31797428129988,40.75640672253024
40.40197680336079,40.75640672253024
40.630359892284574,40.75640672253024
40.91318261436424,40.75640672253024
41.46430815232379,40.75640672253024
41.962945543811,40.75640672253024
42.45218868003101,40.75640672253024
42.89483723184911,40.75640672253024
43.32390049794719,43.89151493195564
43.68352887663041,43.89151493195564
44.0184309610408,43.89151493195564
44.32143760884067,43.89151493195564
44.64320552827865,43.89151493195564
44.93432888396063,43.89151493195564
45.2548689175892,43.89151493195564
45.56392902067594,43.89151493195564
45.90069754005168,43.89151493195564
46.186345538701886,43.89151493195564
46.38764589092652,47.026623141381044
46.53167976092198,47.026623141381044
46.66199611948931,47.026623141381044
46.77990139628832,47.026623141381044
46.93419664672552,47.026623141381044
47.10236846731732,47.026623141381044
47.27357161575176,47.026623141381044
47.32370757968593,47.026623141381044
47.35954502571008,47.026623141381044
47.391969381636684,47.026623141381044
47.42130570366552,47.026623141381044
47.30499094740589,47.026623141381044
47.19975378698052,47.026623141381044
46.9902534263157,47.026623141381044
46.6959437215122,47.026623141381044
46.39156812898723,47.026623141381044
46.106657023929294,47.026623141381044
45.63935642764455,47.026623141381044
45.1308462190175,43.89151493195564
44.71838460168826,43.89151493195564
44.21187192780166,43.89151493195564
43.53455064649874,43.89151493195564
42.92173615389135,43.89151493195564
42.55776113677037,43.89151493195564
42.49511736430452,43.89151493195564
42.51463006893642,40.75640672253024
42.56085577665676,40.75640672253024
42.60267903602278,40.75640672253024
42.64051912783013,40.75640672253024
42.69380309307864,40.75640672253024
42.875345510320784,40.75640672253024
43.039598173539865,43.89151493195564
43.140588678357126,43.89151493195564
43.070056568597295,43.89151493195564
43.08243220615369,43.89151493195564
43.16981961509144,43.89151493195564
43.33459884469024,43.89151493195564
43.43606576670821,43.89151493195564
43.48977378892648,43.89151493195564
43.94789049827258,43.89151493195564
44.362377044823816,43.89151493195564
44.7373886821797,43.89151493195564
45.07668492550168,43.89151493195564
45.38366724088824,43.89151493195564
45.6614131452856,43.89151493195564
45.91270705878797,43.89151493195564
46.140068218623455,43.89151493195564
46.345775934665085,47.026623141381044
46.53189243965513,47.026623141381044
46.72885491912808,47.026623141381044
46.87848771131212,47.026623141381044
46.690060455556576,47.026623141381044
46.36719748236648,47.026623141381044
46.19889281491454,47.026623141381044
46.10376023853596,47.026623141381044
45.83673538125258,47.026623141381044
45.5951414627581,43.89151493195564
45.376556488882144,43.89151493195564
45.1787891315658,43.89151493195564
44.999856760660535,43.89151493195564
44.93320366317482,43.89151493195564
45.03480331430103,43.89151493195564
45.14577449988564,43.89151493195564
45.05570081065267,43.89151493195564
44.67896725479252,43.89151493195564
44.52858927568095,43.89151493195564
44.449676083991285,43.89151493195564
44.3782784343673,43.89151493195564
44.36129960851703,43.89151493195564
44.22212836255149,43.89151493195564
44.020020754129554,43.89151493195564
43.8943045644924,43.89151493195564
43.58056112731418,43.89151493195564
43.201459922248176,43.89151493195564
42.953701689093215,43.89151493195564
42.75811119735852,43.89151493195564
42.666862439234905,43.89151493195564
42.3652564926411,40.75640672253024
42.05427953849634,40.75640672253024
41.99196734681849,40.75640672253024
41.84035155434805,40.75640672253024
41.579365546707386,40.75640672253024
41.34323534931821,40.75640672253024
41.28197491252023,40.75640672253024
41.30273920656592,40.75640672253024
41.3786686606188,40.75640672253024
41.494985785714256,40.75640672253024
41.80022530735475,40.75640672253024
42.22877520542197,40.75640672253024
42.69270123101237,40.75640672253024
43.179110564921714,40.75640672253024
43.69538560389308,43.89151493195564
44.24820602256993,43.89151493195564
44.61504339890814,47.026623141381044
45.09932505262541,43.89151493195564
45.61367504761347,43.89151493195564
46.07903932879314,47.026623141381044
46.500083202241406,47.026623141381044
46.8810276591708,47.026623141381044
47.22569169163072,47.026623141381044
47.52800691394008,47.026623141381044
47.77295849110018,47.026623141381044
47.86124823127535,47.026623141381044
47.83636730202256,47.026623141381044
47.59480843869285,47.026623141381044
47.4429219207221,47.026623141381044
47.05788188311799,47.026623141381044
46.8237977489278,47.026623141381044
46.8501025798986,47.026623141381044
46.76914042943206,47.026623141381044
46.838746102819485,47.026623141381044
46.94934171207477,47.026623141381044
47.01130902274585,47.026623141381044
47.04832735637757,47.026623141381044
47.072296106918806,47.026623141381044
46.92255362054559,47.026623141381044
46.83469137096981,47.026623141381044
46.84091138572306,47.026623141381044
46.86558634652288,47.026623141381044
47.116482884949264,47.026623141381044
47.56253206134082,47.026623141381044
47.96610036379032,47.026623141381044
48.33123358981606,47.026623141381044
48.661592222886966,47.026623141381044
48.96048812899874,47.026623141381044
49.23091775833797,47.026623141381044
49.47559218488298,50.16173135080645
49.70648831259688,50.16173135080645
49.91539433290945,50.16173135080645
50.104404541763685,50.16173135080645
50.275413778346085,50.16173135080645
50.43013642096825,50.16173135080645
50.57012357381688,50.16173135080645
50.69677861687041,50.16173135080645
50.70660915212662,50.16173135080645
50.715503445929855,50.16173135080645
50.72355066413278,50.16173135080645
50.73083148060209,50.16173135080645
50.73741888597909,50.16173135080645
50.74337891941542,50.16173135080645
50.748771330619725,50.16173135080645
50.7631742063587,50.16173135080645
50.776205379646335,50.16173135080645
50.78799548881133,50.16173135080645
50.79866273043682,50.16173135080645
50.80831404428845,50.16173135080645
50.8170461853923,50.16173135080645
50.82494669401007,50.16173135080645
51.01304693620536,50.16173135080645
51.05942341847152,50.16173135080645
51.02519268937323,50.16173135080645
50.97517433800435,50.16173135080645
50.87277692732573,50.16173135080645
50.63727450814032,50.16173135080645
50.35753415145452,50.16173135080645
50.08538804179219,50.16173135080645
49.7820178974195,50.16173135080645
49.50754014774897,50.16173135080645
49.34491720387389,50.16173135080645
49.19778215941547,50.16173135080645
49.06465997633404,50.16173135080645
48.86802569287366,47.026623141381044
48.94726141383231,47.026623141381044
49.09514127918161,47.026623141381044
49.22893734783098,47.026623141381044
49.34999093375183,50.16173135080645
49.45951560672785,50.16173135080645
49.55860935846805,50.16173135080645
49.53397982309591,50.16173135080645
49.597410388795296,50.16173135080645
49.77860939938622,50.16173135080645
49.85683693031335,50.16173135080645
50.099043082271976,50.16173135080645
50.375324693484174,50.16173135080645
50.62529377029521,50.16173135080645
50.79431355654128,50.16173135080645
50.91866450107268,50.16173135080645
51.03117249850586,50.16173135080645
51.03772735332636,50.16173135080645
50.94841984102109,50.16173135080645
50.8295227859657,50.16173135080645
50.65528252063563,50.16173135080645
50.52620792219991,50.16173135080645
50.51418826540744,50.16173135080645
50.63664645318392,50.16173135080645
50.74744195641026,50.16173135080645
50.7619714392168,50.16173135080645
50.45130749262472,50.16173135080645
49.817849563523374,50.16173135080645
49.244720961003104,50.16173135080645
48.65950929558577,50.16173135080645
48.1300320744939,47.026623141381044
47.65098125541077,47.026623141381044
47.33184011080599,47.026623141381044
47.11928376445505,47.026623141381044
47.01268531069742,47.026623141381044
46.916239090631,47.026623141381044
46.82897822485662,47.026623141381044
46.750027917727415,47.026623141381044
46.67859668746766,47.026623141381044
46.61396843151836,47.026623141381044
46.66025700700433,47.026623141381044
46.58785172308762,47.026623141381044
46.65567529584695,47.026623141381044
46.62180138548634,47.026623141381044
46.36258235123801,47.026623141381044
46.12805084406096,47.026623141381044
45.896807979192246,47.026623141381044
45.59235014907293,43.89151493195564
45.28831694686397,43.89151493195564
45.10847738296064,43.89151493195564
44.9457653965719,43.89151493195564
44.79854978983924,43.89151493195564
44.63678299786608,43.89151493195564
44.46185121112269,43.89151493195564
44.284531902836825,43.89151493195564
44.12410014772104,43.89151493195564
44.08370973012279,43.89151493195564
44.12335642249205,43.89151493195564
44.273513026344176,43.89151493195564
44.34270226193044,43.89151493195564
44.23387354774082,43.89151493195564
44.06874273367027,43.89151493195564
43.8050528768503,43.89151493195564
43.48076227199588,43.89151493195564
43.1873564866514,43.89151493195564
42.92189410943497,43.89151493195564
42.69123752758403,43.89151493195564
42.48254823924269,43.89151493195564
42.30325778542159,40.75640672253024
42.10294759280424,40.75640672253024
41.92171456138855,40.75640672253024
41.75774181867912,40.75640672253024
41.609385527656286,40.75640672253024
41.47515840720707,40.75640672253024
41.353714822038725,40.75640672253024
41.22478960089218,40.75640672253024
41.10814297223578,40.75640672253024
41.002605546308565,40.75640672253024
40.888071612094464,40.75640672253024
40.76539797990653,40.75640672253024
40.64488388658209,40.75640672253024
40.53584732595522,40.75640672253024
40.0657664829234,40.75640672253024
39.64045524398985,40.75640672253024
39.25564983733568,40.75640672253024
38.90749256464858,37.62129851310483
38.59249312745549,37.62129851310483
38.30749363666173,37.62129851310483
38.040113290313,37.62129851310483
37.78867407465261,37.62129851310483
37.54213375925136,37.62129851310483
37.3000257821798,37.62129851310483
37.05240435177596,37.62129851310483
36.79027053132687,37.62129851310483
36.5150068165223,37.62129851310483
36.22786331018685,37.62129851310483
35.96806680445477,34.486190303679436
35.50444143083715,34.486190303679436
35.113542210617446,34.486190303679436
34.759871487561526,34.486190303679436
34.43988369051093,34.486190303679436
34.15037092175087,34.486190303679436
33.88843079763462,34.486190303679436
33.65143735200563,34.486190303679436
33.5227289601061,34.486190303679436
33.37770715438171,34.486190303679436
33.20840174743771,34.486190303679436
33.03617297325605,31.351082094254032
32.880346939472645,31.351082094254032
32.73936148033528,31.351082094254032
32.611803207782415,31.351082094254032
32.49639334213936,31.351082094254032
32.391974892271826,31.351082094254032
32.33559625844218,31.351082094254032
32.32268240172763,31.351082094254032
32.33004612783728,31.351082094254032
32.36527990260892,31.351082094254032
32.40668174398526,31.351082094254032
32.44414055284957,31.351082094254032
32.478031856107755,31.351082094254032
32.49917175199649,31.351082094254032
32.50877429696074,31.351082094254032
32.51746231383315,31.351082094254032
32.52532290052724,31.351082094254032
32.532434859917124,31.351082094254032
32.53886948984131,31.351082094254032
32.52564396946394,31.351082094254032
32.51367802245584,31.351082094254032
32.50285168944851,31.351082094254032
32.493056435775216,31.351082094254032
32.48419406340414,31.351082094254032
32.476175726496976,31.351082094254032
32.46892104072383,31.351082094254032
32.45283324989875,31.351082094254032
32.590658799992106,31.351082094254032
32.71535810721942,31.351082094254032
32.8281812899489,31.351082094254032
32.949306736060535,31.351082094254032
33.08746814461466,31.351082094254032
33.21247132378268,31.351082094254032
33.32556943826803,31.351082094254032
33.4469436321588,31.351082094254032
33.57580607072087,34.486190303679436
33.70191992359307,34.486190303679436
33.81602293333457,34.486190303679436
33.91925898976737,34.486190303679436
34.012663040825615,34.486190303679436
34.068599748758515,34.486190303679436
34.10968548697199,34.486190303679436
34.118286941826035,34.486190303679436
34.087973827086465,34.486190303679436
34.041499983946906,34.486190303679436
33.98040489270233,34.486190303679436
33.94417570998031,34.486190303679436
33.9494923090298,34.486190303679436
33.82096908665754,34.486190303679436
33.7237338628864,34.486190303679436
33.67385452003431,34.486190303679436
33.82872544546538,34.486190303679436
33.96884675895064,34.486190303679436
34.0956231854373,34.486190303679436
34.21032566654428,34.486190303679436
34.30458043762953,34.486190303679436
34.37081087214101,34.486190303679436
34.421209982020805,34.486190303679436
34.466809176673955,34.486190303679436
34.50806559088395,34.486190303679436
34.54539282278824,34.486190303679436
34.59821240862946,34.486190303679436
34.66504924943242,34.486190303679436
34.73504470433208,34.486190303679436
34.79837392543178,34.486190303679436
34.85567179214104,34.486190303679436
34.89798869165718,34.486190303679436
34.93627541026703,34.486190303679436
34.961392110521544,34.486190303679436
35.19364062626987,34.486190303679436
35.40377023575645,34.486190303679436
35.59388750148239,34.486190303679436
35.765898360948725,34.486190303679436
35.92152723379922,34.486190303679436
36.062334309235375,34.486190303679436
36.18973118701095,34.486190303679436
36.31451869300991,34.486190303679436
36.54170746157463,34.486190303679436
36.74725920456176,34.486190303679436
36.97132961118646,37.62129851310483
37.12644093146595,37.62129851310483
37.22868472493962,37.62129851310483
37.292619658362405,37.62129851310483
37.35046555050683,37.62129851310483
36.95518318978613,37.62129851310483
36.59754676818169,37.62129851310483
36.2549232664501,37.62129851310483
35.94493057440723,37.62129851310483
35.664460995892256,34.486190303679436
35.4297504975158,34.486190303679436
35.19834568822858,34.486190303679436
34.98897943220681,34.486190303679436
34.799552819615684,34.486190303679436
34.62816683679514,34.486190303679436
34.501674684439465,34.486190303679436
34.90151526334423,34.486190303679436
35.22518040369816,34.486190303679436
35.308496410405105,34.486190303679436
35.250544443979805,34.486190303679436
35.140968637326594,34.486190303679436
35.04182862178321,34.486190303679436
34.91403549236952,34.486190303679436
34.798413137185705,34.486190303679436
34.57951664792992,34.486190303679436
34.410038799275696,34.486190303679436
34.304320745731395,34.486190303679436
33.932480638378905,34.486190303679436
33.61510156629232,34.486190303679436
33.337472918353946,34.486190303679436
33.09580875823077,34.486190303679436
33.029541402768686,31.351082094254032
32.96958522401727,31.351082094254032
32.905815130021395,31.351082094254032
32.84811837831084,31.351082094254032
32.79591655533462,31.351082094254032
32.74868633454661,31.351082094254032
32.70595423002413,31.351082094254032
32.667291849741886,31.351082094254032
32.632311600915095,31.351082094254032
32.60066280435752,31.351082094254032
32.56250451469865,31.351082094254032
32.49940881030167,31.351082094254032
32.432798374754896,31.351082094254032
32.37253179021258,31.351082094254032
32.31800488038857,31.351082094254032
32.135337712592545,31.351082094254032
31.97006741791995,31.351082094254032
31.82053715131141,31.351082094254032
31.685247862475112,31.351082094254032
31.562843267813697,31.351082094254032
31.442572407741967,31.351082094254032
31.352803607004635,31.351082094254032
31.27158421586133,31.351082094254032
31.198100004826923,31.351082094254032
31.1316142900815,31.351082094254032
31.07146054816897,31.351082094254032
31.017035734057643,31.351082094254032
30.96779423557596,31.351082094254032
30.923242403616342,31.351082094254032
30.88293360327193,31.351082094254032
30.846463736293654,31.351082094254032
30.81346718997997,31.351082094254032
